filename,source_url,sha256,size_bytes,http_status,retrieved_at
epfo_April-2021.pdf,https://pmvbry-cdn.epfindia.gov.in/wp-content/uploads/2025/10/April-2021.pdf,3931c85d25a99a89dd22975445065299407440d4f47d775c7631b8b49b12802a,887528,200,2026-07-17T11:03:31Z
epfo_April-2022.pdf,https://pmvbry-cdn.epfindia.gov.in/wp-content/uploads/2025/10/April-2022.pdf,be9973beb7f9da66743fd9ee4b9db2a939bb71b7b7de2a9b1815cb302aea98ed,994312,200,2026-07-17T11:03:34Z
epfo_April-2023.pdf,https://pmvbry-cdn.epfindia.gov.in/wp-content/uploads/2025/10/April-2023.pdf,88d1e24c7e9618b9694f299c9c6c0a1c1b5bbf22ec4d362de9adbbe1d10225b9,974356,200,2026-07-17T11:03:39Z
epfo_April-2024.pdf,https://pmvbry-cdn.epfindia.gov.in/wp-content/uploads/2025/10/April-2024.pdf,bb4d9b0561926e4595f85c324aede24793ae57131774110276becc95765e2841,353336,200,2026-07-17T11:03:42Z
epfo_April-2025.pdf,https://pmvbry-cdn.epfindia.gov.in/wp-content/uploads/2025/10/April-2025.pdf,72dad71dd2a9a2912d17559228d835fe00d22a71f282845ce83f4c641e2be580,1119561,200,2026-07-17T11:03:47Z
epfo_August-2021.pdf,https://pmvbry-cdn.epfindia.gov.in/wp-content/uploads/2025/10/August-2021.pdf,28ec2ee088e7a924d6e5975c9f6e75f087c1933058b204b5a3eae607dd565159,846367,200,2026-07-17T11:03:50Z
epfo_August-2022.pdf,https://pmvbry-cdn.epfindia.gov.in/wp-content/uploads/2025/10/August-2022.pdf,8bc2fd5074c40136fbeeca03058df6623da0369873440bd726447b7acc90e306,923389,200,2026-07-17T11:03:53Z
epfo_August-2023.pdf,https://pmvbry-cdn.epfindia.gov.in/wp-content/uploads/2025/10/August-2023.pdf,078507f884e3398ad0ae3bf93df9b11375cc46933e9fe89524ca8272564f1969,931750,200,2026-07-17T11:03:55Z
epfo_August-2024.pdf,https://pmvbry-cdn.epfindia.gov.in/wp-content/uploads/2025/10/August-2024.pdf,42a56f5f9714bbe46ca45b4d7f2a9d09c03ae6e8f234e323e48ed0926f0d7bcb,1717510,200,2026-07-17T11:04:00Z
epfo_August-2025.pdf,https://pmvbry-cdn.epfindia.gov.in/wp-content/uploads/2025/10/August-2025.pdf,22a422a2b47a1ca9ad322080f390b19f1ed031c3a58da882dd4b40b11e02b565,1844066,200,2026-07-17T11:04:03Z
epfo_December-2021.pdf,https://pmvbry-cdn.epfindia.gov.in/wp-content/uploads/2025/10/December-2021.pdf,8352fdb6075599f4da6e3e3e3a74163fc6df874be7b579fd11e697f8c6126a13,940557,200,2026-07-17T11:04:06Z
epfo_December-2022.pdf,https://pmvbry-cdn.epfindia.gov.in/wp-content/uploads/2025/10/December-2022.pdf,caa0180aeb39463582448550cc880a2c912bf7670b6008ac2c8bc4276bda2d8d,947657,200,2026-07-17T11:04:10Z
epfo_December-2023.pdf,https://pmvbry-cdn.epfindia.gov.in/wp-content/uploads/2025/10/December-2023.pdf,6e4e6c973e24bc24c6ac5030dbbd48b5b765ea3381add866ad334eb61152c26b,957295,200,2026-07-17T11:04:16Z
epfo_December-2024.pdf,https://pmvbry-cdn.epfindia.gov.in/wp-content/uploads/2025/10/December-2024.pdf,d6aee5b74c09feced35940032aa684a107f13b3cc6c8236676bd405f5dcaa5bc,936998,200,2026-07-17T11:04:21Z
epfo_February-2021.pdf,https://pmvbry-cdn.epfindia.gov.in/wp-content/uploads/2025/10/February-2021.pdf,8ef97e857d5a9780770536db09477ad7c2eb2b6dc02c50dc753686c1e557f13c,877242,200,2026-07-17T11:04:24Z
epfo_February-2022.pdf,https://pmvbry-cdn.epfindia.gov.in/wp-content/uploads/2025/10/February-2022.pdf,88a8923268db94d40a16251acca0ec60bb1a1ad62a376fba5f60cadef3c5be39,975757,200,2026-07-17T11:04:26Z
epfo_February-2023.pdf,https://pmvbry-cdn.epfindia.gov.in/wp-content/uploads/2025/10/February-2023.pdf,004a93a321c1f5a4862a6ff14adef01449f82660f7e825d7b934fc934510df80,960965,200,2026-07-17T11:04:29Z
epfo_February-2024.pdf,https://pmvbry-cdn.epfindia.gov.in/wp-content/uploads/2025/10/February-2024.pdf,c42172ed9b7edd635bce0078b05f713d3cde67047cf1159b2b2164ab0bec9929,2363035,200,2026-07-17T11:04:33Z
epfo_February-2025.pdf,https://pmvbry-cdn.epfindia.gov.in/wp-content/uploads/2025/10/February-2025.pdf,b1d1c158ccba405d80082d2e7fb3b650846562f71a9ff53e170519962de63672,1006751,200,2026-07-17T11:04:39Z
epfo_January-2021.pdf,https://pmvbry-cdn.epfindia.gov.in/wp-content/uploads/2025/10/January-2021.pdf,940eb86beebf6b58c3aa4c1873f2f6d3772631c24669774e8a9ab36b181fd0a6,868618,200,2026-07-17T11:04:42Z
epfo_January-2022.pdf,https://pmvbry-cdn.epfindia.gov.in/wp-content/uploads/2025/10/January-2022.pdf,d47c616a98d920e8850271c8d29f7a2b411e7d7be6282e05801239732e236e41,961547,200,2026-07-17T11:04:45Z
epfo_January-2023.pdf,https://pmvbry-cdn.epfindia.gov.in/wp-content/uploads/2025/10/January-2023.pdf,4dc828571852c0ec72557c6880ac4c9a29f90265f9bd75835bc5f6c082df7edc,958782,200,2026-07-17T11:04:48Z
epfo_January-2024.pdf,https://pmvbry-cdn.epfindia.gov.in/wp-content/uploads/2025/10/January-2024.pdf,ba905a05bbfb7c3259a5190075c4a93c90e054bf15dfaf59ba7655e3252681ca,2225624,200,2026-07-17T11:04:59Z
epfo_January-2025.pdf,https://pmvbry-cdn.epfindia.gov.in/wp-content/uploads/2025/10/January-2025.pdf,5e91796b2555e145d276d21bca0e44355def7c4b594a30822dbc6757e9a237b8,291304,200,2026-07-17T11:05:09Z
epfo_July-2021.pdf,https://pmvbry-cdn.epfindia.gov.in/wp-content/uploads/2025/10/July-2021.pdf,a34fe6844250f0ac28fc618fbf1f6a5c2d2def8ebcc24a078a74d31e0e942b93,843386,200,2026-07-17T11:05:13Z
epfo_July-2022.pdf,https://pmvbry-cdn.epfindia.gov.in/wp-content/uploads/2025/10/July-2022.pdf,b5ca85ff7291308e930c01f248fdd4a6f2155e92cce69a6b432a4b6dc429b672,918034,200,2026-07-17T11:05:16Z
epfo_July-2023.pdf,https://pmvbry-cdn.epfindia.gov.in/wp-content/uploads/2025/10/July-2023.pdf,1c4213c6ecedceee912ef52722cd15cb82c8653e5a12634a67dca19c028b1e3b,923329,200,2026-07-17T11:05:19Z
epfo_July-2025.pdf,https://pmvbry-cdn.epfindia.gov.in/wp-content/uploads/2025/10/July-2025.pdf,59497c748c92948d5b45744fa03f557e162fb2cfb0132d31462dae4b52d65725,1718450,200,2026-07-17T11:05:22Z
epfo_June-2021.pdf,https://pmvbry-cdn.epfindia.gov.in/wp-content/uploads/2025/10/June-2021.pdf,4b86f3378f97345c9eed1eca3ef8d419583eb82bb25beb5496c6c967c984e02e,838422,200,2026-07-17T11:05:26Z
epfo_June-2022.pdf,https://pmvbry-cdn.epfindia.gov.in/wp-content/uploads/2025/10/June-2022.pdf,368aab25da685075ef13d41a43c2e25401374c49599b046769d900b784ec5ca6,924733,200,2026-07-17T11:05:29Z
epfo_June-2023.pdf,https://pmvbry-cdn.epfindia.gov.in/wp-content/uploads/2025/10/June-2023.pdf,c8ce9ba94b8acb5706455face31e24797eea230178110c42b94f3ffcc6b5c8eb,917929,200,2026-07-17T11:05:32Z
epfo_June-2024.pdf,https://pmvbry-cdn.epfindia.gov.in/wp-content/uploads/2025/10/June-2024.pdf,c1a99505487577420d1a455fce58215a89ca2ea4a9a55ee87bb48fdcf137d6ae,1463070,200,2026-07-17T11:05:36Z
epfo_June-2025.pdf,https://pmvbry-cdn.epfindia.gov.in/wp-content/uploads/2025/10/June-2025.pdf,8205605606b72fd14cd027c0fac2abd3e97cad8b4889f05dd0141e8bb532268a,1592791,200,2026-07-17T11:05:42Z
epfo_March-2021-1.pdf,https://pmvbry-cdn.epfindia.gov.in/wp-content/uploads/2025/10/March-2021-1.pdf,f5c80d36db0209c5c8d6645d0c2449966ea307e130c502169d063392a3433827,870071,200,2026-07-17T11:05:46Z
epfo_March-2022.pdf,https://pmvbry-cdn.epfindia.gov.in/wp-content/uploads/2025/10/March-2022.pdf,ba000ac64241e22fc0cf048f0ad4cb44f4e60d5d180df3ced62f39198082cf33,987624,200,2026-07-17T11:05:54Z
epfo_March-2023.pdf,https://pmvbry-cdn.epfindia.gov.in/wp-content/uploads/2025/10/March-2023.pdf,4991cfa5bd91b322eee6990ba102d30d273185ced3640c065cc044389ba81f3a,967976,200,2026-07-17T11:06:01Z
epfo_March-2024.pdf,https://pmvbry-cdn.epfindia.gov.in/wp-content/uploads/2025/10/March-2024.pdf,63cda950c27c033687f87aafb25162520371e42ef5957be1ae5fd3e90e336918,867219,200,2026-07-17T11:06:09Z
epfo_March-2025.pdf,https://pmvbry-cdn.epfindia.gov.in/wp-content/uploads/2025/10/March-2025.pdf,68c497c5b03e6a1764c08450d71e301fe0eeed9910d99a5683ded44a9e33e431,1074261,200,2026-07-17T11:06:19Z
epfo_May-2021-1.pdf,https://pmvbry-cdn.epfindia.gov.in/wp-content/uploads/2025/10/May-2021-1.pdf,a3821406717ec4343af42a48d62a2d350032cb98f31963614d622fad9b5af83a,403665,200,2026-07-17T11:06:24Z
epfo_May-2022.pdf,https://pmvbry-cdn.epfindia.gov.in/wp-content/uploads/2025/10/May-2022.pdf,7f8407e28904b38452eea9d72dc028ab55d6572d963c8dcfe6c10ee5cd0e363f,1001696,200,2026-07-17T11:06:28Z
epfo_May-2023.pdf,https://pmvbry-cdn.epfindia.gov.in/wp-content/uploads/2025/10/May-2023.pdf,51d3887f4c3798d75dc95c2154b20845e091f11b83ce9f4e7f4060b22120ed1d,985734,200,2026-07-17T11:06:35Z
epfo_May-2024.pdf,https://pmvbry-cdn.epfindia.gov.in/wp-content/uploads/2025/10/May-2024.pdf,b19e7cc4136107b6ca36a3b8db2bfc76da18f1271417ba1f3c2dbf689577e923,875908,200,2026-07-17T11:06:39Z
epfo_May-2025.pdf,https://pmvbry-cdn.epfindia.gov.in/wp-content/uploads/2025/10/May-2025.pdf,7102b9e131a435046cc2463dcd28c263da85276ee05ebbbeca823216596f946f,2868836,200,2026-07-17T11:06:44Z
epfo_November-2021.pdf,https://pmvbry-cdn.epfindia.gov.in/wp-content/uploads/2025/10/November-2021.pdf,8fd601aaa0bb3451dd2cae73a26e4b35a01411e55dba472df1874d678d47dc2f,758525,200,2026-07-17T11:06:51Z
epfo_November-2022.pdf,https://pmvbry-cdn.epfindia.gov.in/wp-content/uploads/2025/10/November-2022.pdf,07d58fd5976cb0b5431670f11b6407631c93cc7bf8788ba04aab0417c8f60f7d,944648,200,2026-07-17T11:06:55Z
epfo_November-2023.pdf,https://pmvbry-cdn.epfindia.gov.in/wp-content/uploads/2025/10/November-2023.pdf,43cf30d007cc2fbbb51b41c7e136184d3188e1a9e6a00c1d7e27c7ae0c1d1da9,950112,200,2026-07-17T11:07:00Z
epfo_November-2024.pdf,https://pmvbry-cdn.epfindia.gov.in/wp-content/uploads/2025/10/November-2024.pdf,2da199db3cffbdbbe6d9cb678e98f810162cab59344656e1e15a1e76c3566e6d,893650,200,2026-07-17T11:07:04Z
epfo_October-2021.pdf,https://pmvbry-cdn.epfindia.gov.in/wp-content/uploads/2025/10/October-2021.pdf,0524208a5c037581ef9b39a9fb78604eb2d59e3c5571eb98c2b08cec68688e73,333153,200,2026-07-17T11:07:08Z
epfo_October-2022.pdf,https://pmvbry-cdn.epfindia.gov.in/wp-content/uploads/2025/10/October-2022.pdf,ccdde1be33d32de90ba2f2808d10e24b92a9a1ad36b4b01b2e346337b9bdfee8,937005,200,2026-07-17T11:07:15Z
epfo_October-2023.pdf,https://pmvbry-cdn.epfindia.gov.in/wp-content/uploads/2025/10/October-2023.pdf,c915218fbf0b9d7aa87ac444ad2fc155035e5f2413865d7e9ab72d0d31ae424e,944476,200,2026-07-17T11:07:19Z
epfo_October-2024.pdf,https://pmvbry-cdn.epfindia.gov.in/wp-content/uploads/2025/10/October-2024.pdf,fea113b609a3af74d15d5397e1d273569e7d417191ca5aac57a3eb10b75ab7fb,848468,200,2026-07-17T11:07:23Z
epfo_September-2021.pdf,https://pmvbry-cdn.epfindia.gov.in/wp-content/uploads/2025/10/September-2021.pdf,a92f20ea8294e8ac5335d2495e0a49a62918a91631c45051d63eaef8db7f1e69,854241,200,2026-07-17T11:07:31Z
epfo_September-2022.pdf,https://pmvbry-cdn.epfindia.gov.in/wp-content/uploads/2025/10/September-2022.pdf,5f230cb98a7d3883414255f51092d035be073b1c51576bf17ef4e80355d926d3,932208,200,2026-07-17T11:07:40Z
epfo_September-2023.pdf,https://pmvbry-cdn.epfindia.gov.in/wp-content/uploads/2025/10/September-2023.pdf,ef86ef225b06126d75b3f253d2603a09cc054b9895ee85409231e5182fbfca81,937394,200,2026-07-17T11:07:45Z
epfo_September-2024.pdf,https://pmvbry-cdn.epfindia.gov.in/wp-content/uploads/2025/10/September-2024.pdf,194e0f90e6aa2fc3635870aa49a5aff6014ac60033f4bbeccdcad32325b9e3e1,802903,200,2026-07-17T11:07:50Z
epfo_September-2025.pdf,https://pmvbry-cdn.epfindia.gov.in/wp-content/uploads/2025/10/September-2025.pdf,7bbe94cc0bb92a78edc0ec809ec06a2553116ac21f4d1d37e8aebe1324713198,925086,200,2026-07-17T11:07:58Z
mospi_Payroll_Reporting_in_India_An_Employment_Perspective_-_November_2024.pdf,"https://www.mospi.gov.in/sites/default/files/press_release/Payroll%20Reporting%20in%20India%20An%20Employment%20Perspective%20%E2%80%93%20November,%202024.pdf",373e6b2d3f55effc183afdaa464701434902ad919863559dae705782581c1d91,353166,200,2026-07-17T11:18:32Z
mospi_Payroll_Reporting_in_India-An_Employment_Perspective_-_May_2024_230724.pdf,"https://www.mospi.gov.in/sites/default/files/press_release/Payroll%20Reporting%20in%20India-An%20Employment%20Perspective%20-%20May,%202024%20230724.pdf",54beaa89b1883242835f4d4b14c6d13e393e2d8994a622efb2c4d0dfc86a2067,238372,200,2026-07-17T11:18:36Z
mospi_Payroll_Reporting24112023.pdf,https://www.mospi.gov.in/sites/default/files/press_release/Payroll_Reporting24112023.pdf,31d89ecb1f0bc6bc25bf7b445d4144741dc5c95eb838921e903ef05189b4dd89,483984,200,2026-07-17T11:18:39Z
mospi_Payroll_Reporting_in_India_-_for_25_June'_2020.pdf,https://www.mospi.gov.in/sites/default/files/press_release/Payroll%20Reporting%20in%20India%20-%20for%2025%20June'%202020.pdf,bc3785cdbc44e42ee8d429a86f67c1eb264654ac3dd73167f59d0ed5c517a2c5,153002,200,2026-07-17T11:18:43Z
mospi_Payroll_Reporting_in_India-An_Employment_Perspective-December_2021_for_250220221645766178916_0.pdf,"https://www.mospi.gov.in/sites/default/files/press_release/Payroll%20Reporting%20in%20India-An%20Employment%20Perspective-December,%202021__for%20250220221645766178916_0.pdf",965fb5cc012a90bb2f8fe6a0eb670fdc5292be6690acaae841c5a8c4653d414a,366637,200,2026-07-17T11:18:48Z
mospi_PressRelease_payroll_reporting26062024.pdf,https://www.mospi.gov.in/sites/default/files/press_release/PressRelease_payroll_reporting26062024.pdf,3c1f0771fd28257b84829d502b5d1941bc195f67386cad4948ec932754783810,115367,200,2026-07-17T11:18:50Z
mospi_Payroll_reporting_analysis_24nov2018.pdf,https://www.mospi.gov.in/sites/default/files/press_release/Payroll_reporting_analysis_24nov2018.pdf,70aa9fd9295ffa3448faeacfa3b62c30f63cad58e5b7cbca29e0ba6332c78d54,144038,200,2026-07-17T11:18:54Z
mospi_latest_release_1770791489423_51343a0b-a1a2-4aac-834f-66b179a92642_Links_for_Payroll_Data_for_the_month_of_January_2026.pdf,https://www.mospi.gov.in/uploads/latestReleases/latest_release_1770791489423_51343a0b-a1a2-4aac-834f-66b179a92642_Links_for_Payroll_Data_for_the_month_of_January_2026.pdf,57e12e2b8f37b142932f9c28d5499c714731d725e7912a5ccf2e407c70729e3d,73030,200,2026-07-17T11:18:57Z
mospi_latest_release_1762248630955_765d216d-9a6c-4a4b-8864-cc2ee6a2ea10_Links_for_Payroll_Data_for_the_month_of_August_2025.pdf,https://www.mospi.gov.in/uploads/latestReleases/latest_release_1762248630955_765d216d-9a6c-4a4b-8864-cc2ee6a2ea10_Links_for_Payroll_Data_for_the_month_of_August_2025.pdf,7b2d9f700cb3557464863a1f8cb950442edd39bf392398d8af2da78398ffabf5,72644,200,2026-07-17T11:19:00Z
mospi_latest_release_1760080044365_971fd610-26fb-4e5e-a215-ca6617b55ebb_Links_for_Payroll_Data_for_the_month_of_July_2025.pdf,https://www.mospi.gov.in/uploads/latestReleases/latest_release_1760080044365_971fd610-26fb-4e5e-a215-ca6617b55ebb_Links_for_Payroll_Data_for_the_month_of_July_2025.pdf,74025d013be19a0a5044253f43102dc2ae37181267e65e55c13328b709f95c49,71008,200,2026-07-17T11:19:03Z
mospi_latest_release_1758107403781_6744f830-f724-41f1-a6de-36dcf744135a_Links_for_Payroll_Data_for_the_month_of_June_2025.pdf,https://www.mospi.gov.in/uploads/latestReleases/latest_release_1758107403781_6744f830-f724-41f1-a6de-36dcf744135a_Links_for_Payroll_Data_for_the_month_of_June_2025.pdf,647076fe90869f9099ce3656ea988896160aba0ce3c96223b65cb4deee144431,70391,200,2026-07-17T11:19:05Z
mospi_latest_release_1754638413401_991acae2-882a-4168-b7ea-572022357a0e_Links_for_Payroll_Data_for_the_month_of_May_2025.pdf,"https://www.mospi.gov.in/uploads/latestReleases/latest_release_1754638413401_991acae2-882a-4168-b7ea-572022357a0e_Links_for_Payroll_Data_for_the_month_of_May,_2025.pdf",ec418332e1e37375380bbcfa90f0eb484ff80891f612703bfad048565214d913,69991,200,2026-07-17T11:19:08Z
mospi_Payroll_Reporting-April2018.pdf,https://www.mospi.gov.in/sites/default/files/press_release/Payroll_Reporting-April2018.pdf,70ff77a81ec5c4a218eb81a28dde3cd1cdbef88106ebb8c69d55cfa0dad71ac9,467894,200,2026-07-17T11:23:18Z
mospi_Employment_Perspective-March_2018_25may18.PDF,https://www.mospi.gov.in/sites/default/files/press_release/Employment_Perspective-March_2018_25may18.PDF,0ff6106c91fc36d40910677f4c0b55af3b33716bb9af8c8e85263555e30d7a1b,388741,200,2026-07-17T11:23:22Z
mospi_Payroll_Reporting_in_India-An_Employment_Perspective_-_24_Dec'18_.pdf,https://www.mospi.gov.in/sites/default/files/press_release/Payroll%20Reporting%20in%20India-An%20Employment%20Perspective%20-%2024%20Dec'18%20.pdf,13dfc0a4d17595903ac08d3472f238a7c1cb61485c59be695e983aacbbc8f0a2,546524,200,2026-07-17T11:23:25Z
mospi_Press_Release_Employment_25feb19.pdf,https://www.mospi.gov.in/sites/default/files/press_release/Press_Release_Employment_25feb19.pdf,54a8ae2b11b9e6a7bad2df1c54c59d5cb4af9c6277008398290439bf20850fb2,563329,200,2026-07-17T11:23:29Z
mospi_Payroll_Reporting_in_India_-_An_Employment_Perspective_-_January_2019_250319_Release_.pdf,"https://www.mospi.gov.in/sites/default/files/press_release/Payroll%20Reporting%20in%20India%20-%20An%20Employment%20Perspective%20-%20January,%202019%20_%20250319%20Release%20.pdf",411e42989fa734e9d825c1367acf170a3719a523c3aacf9901a2e1de93357731,505295,200,2026-07-17T11:23:33Z
mospi_Rev-Press_Release_Payroll_Reporting_in_India_-_for_24_December'19.pdf,https://www.mospi.gov.in/sites/default/files/press_release/Rev-Press%20Release_Payroll%20Reporting%20in%20India%20-%20for%2024%20December'19.pdf,5f0e9a6b23234f5a611ce09b50f62c90a027a602618da0983c7eabd753521aa7,546378,200,2026-07-17T11:23:37Z
mospi_NSO_press_release_payroll_reporting_in_India_for_25th_september_2020_1_.pdf,https://www.mospi.gov.in/sites/default/files/press_release/NSO_press_release_payroll_reporting_in_India_for_25th_september_2020(1).pdf,57fb7cf84b69ec4a387ac3983c2af16ba1ac5db8a7f6b643ac36cc803f0c8b29,1034887,200,2026-07-17T11:23:40Z
mospi_Payroll_Reporting_in_India_An_Employment_Perspective_-September_2024.pdf,"https://www.mospi.gov.in/sites/default/files/press_release/Payroll%20Reporting%20in%20India%20An%20Employment%20Perspective%20%E2%80%93September,%202024.pdf",16632cd3488c855162f03835f6f117b972ab9b6d9c4e67ff2534347496deaaa8,217219,200,2026-07-17T11:23:44Z
pib_ReleaseEmpOutlook_25June19_.pdf,https://static.pib.gov.in/WriteReadData/userfiles/ReleaseEmpOutlook%2025June19%20.pdf,e585af6a89992404770ca15c3635126588bfb6bda6322500c6ef9a5d41a2b83c,496718,200,2026-07-17T11:26:53Z
pib_payroll_-_Copy_1.pdf,https://static.pib.gov.in/WriteReadData/userfiles/payroll%20-%20Copy%201.pdf,9de7c3e81b53f157eb4a88ace2ffcc0a93d44499ba6aa42a6bf978dab17ea110,814182,200,2026-07-17T11:26:57Z
pib_doc202162501.pdf,https://static.pib.gov.in/WriteReadData/specificdocs/documents/2021/jun/doc202162501.pdf,dbb9ba5542780a39dfb57e559f1da7c71ac9ff2e05e3011f25ca2079415df865,435584,200,2026-07-17T11:27:00Z
mospi_NSO_Press_release_Payroll_Reporting_in_India_for_23_October'_2020.pdf,https://www.mospi.gov.in/sites/default/files/press_release/NSO%20Press%20release%20_Payroll%20Reporting%20in%20India_for%2023%20October'%202020.pdf,7c393d46c7446facdc2171554ffd1311a43db01b40b333cb1b86bdf0e21dffa5,793739,200,2026-07-17T11:30:11Z
