group3,nic_div,workers_m
111,2,0.00154593125
111,6,0.00135328625
111,21,0.000104135
111,27,0.0026202712500000003
111,36,0.001204845
111,52,0.0010742125000000001
111,61,0.0027405562499999998
111,69,0.0061525325
111,82,0.010127056249999999
111,84,0.3001814925
111,86,0.00102083625
111,88,0.0045767525000000005
111,94,0.015290818749999999
112,1,0.0383828975
112,2,0.01598925125
112,3,0.02779500125
112,5,0.00660730125
112,8,0.038198465
112,10,0.39247708374999996
112,11,0.025040826250000002
112,12,0.0116728875
112,13,0.117334645
112,14,0.21856829
112,15,0.06232040125
112,16,0.05891779
112,17,0.0620154125
112,18,0.05197474
112,19,0.0035426375
112,20,0.03740332375
112,21,0.009180629999999999
112,22,0.057293125
112,23,0.14041878875
112,24,0.0734001275
112,25,0.14361446249999998
112,26,0.031104737499999997
112,27,0.04107997
112,28,0.105303285
112,29,0.00838251
112,30,0.008470173749999999
112,31,0.08244293625
112,32,0.13502636624999997
112,33,0.056685929999999995
112,35,0.02153880625
112,36,0.01655870625
112,37,0.01114651125
112,38,0.033817366249999994
112,41,0.6176345324999999
112,42,0.1852968125
112,43,0.19790505875
112,45,0.22647009124999998
112,46,0.7860826750000001
112,47,2.1137269525
112,49,0.34198369
112,50,0.00611606125
112,52,0.03509949749999999
112,53,0.01235169625
112,55,0.06472417124999999
112,56,0.77271749
112,58,0.00033377375
112,59,0.00778145875
112,60,0.00223538875
112,61,0.0207280075
112,62,0.04091803125
112,63,0.059190349999999996
112,64,0.11279621499999999
112,65,0.0019601075
112,66,0.03156868625
112,68,0.24530771124999998
112,69,0.028626456249999998
112,70,0.0131297725
112,71,0.02045283125
112,72,0.0014338737499999998
112,73,0.00936513375
112,74,0.05285804125
112,77,0.34455168375
112,78,0.0543039625
112,79,0.07659957875
112,80,0.00633596625
112,81,0.0039070775
112,82,0.071431045
112,84,0.07234574
112,85,0.1911508075
112,86,0.04803076375
112,87,0.0053401112500000006
112,88,0.0009992199999999999
112,90,0.0454048725
112,92,0.013437706249999999
112,93,0.019385364999999998
112,94,0.00373352875
112,95,0.04624927875
112,96,0.1152706025
121,1,0.0089018825
121,2,0.0010561325
121,5,0.00429858
121,7,0.0027814349999999996
121,8,0.0038180625
121,10,0.07633668375
121,11,0.0019376174999999997
121,13,0.007440432499999999
121,14,0.04834455125
121,15,0.0098763725
121,16,0.0208011425
121,17,0.01180586125
121,18,0.0020439862499999997
121,19,0.00400469375
121,20,0.020429125
121,21,0.06563240875
121,22,0.0024208787499999996
121,23,0.046911749999999995
121,24,0.019681355
121,25,0.01948286875
121,26,0.00241559125
121,27,0.013298011249999998
121,28,0.01467589625
121,29,0.005705177499999999
121,30,0.016567072500000002
121,31,0.0015759575
121,32,0.047304003750000004
121,33,0.01138288625
121,35,0.006812565
121,38,0.00918586875
121,41,0.09100731875
121,42,0.0242386725
121,43,0.0272288775
121,45,0.053632215000000004
121,46,0.224194435
121,47,0.26719105375
121,49,0.06450116374999999
121,52,0.028589999999999997
121,53,0.00540328375
121,55,0.016473425
121,56,0.07666393875
121,58,0.00335825375
121,59,0.015989857500000003
121,61,0.0037193162499999997
121,62,0.03894373125
121,63,0.01600404875
121,64,0.3036067925
121,65,0.0167213875
121,66,0.01510058875
121,68,0.0392980725
121,69,0.0057537775
121,70,0.0128962
121,71,0.00406355625
121,72,0.00328957
121,73,0.001730365
121,74,0.016373956250000002
121,77,0.08892765374999999
121,78,0.0067894424999999994
121,79,0.011665645
121,82,0.0185979125
121,84,0.01371257
121,85,0.042234305
121,86,0.025438364999999998
121,87,0.0020817400000000003
121,88,0.0032603374999999996
121,90,0.006578661249999999
121,93,0.006386395
121,95,0.007214397500000001
121,96,0.01730628875
122,1,0.006241899999999999
122,10,0.04787302875
122,12,0.01179981125
122,13,0.0045078675
122,14,0.006529014999999999
122,15,0.00013436125
122,16,0.018732218749999998
122,18,0.016598333749999996
122,19,0.00307682125
122,20,0.006193622499999999
122,21,0.03506650125
122,22,0.01757129625
122,23,0.0179636925
122,24,0.010898621249999999
122,25,0.006674132499999999
122,26,0.00008559624999999999
122,27,0.03260911
122,28,0.03004217625
122,29,0.0057735725
122,30,0.0029265025
122,31,0.009054933749999999
122,32,0.0055857037500000005
122,33,0.00022888
122,35,0.00578509125
122,36,0.00052692875
122,43,0.010755602500000001
122,45,0.14108869125
122,46,0.204861385
122,47,0.1925255625
122,49,0.004604245
122,52,0.0129373575
122,53,0.00218574
122,55,0.0039077949999999995
122,56,0.01009042
122,58,0.00904062875
122,61,0.01305094625
122,62,0.1120050275
122,63,0.0008592399999999999
122,64,0.13634970875
122,65,0.01995743875
122,66,0.0238536225
122,68,0.015727365
122,70,0.00121845
122,72,0.004514094999999999
122,73,0.01292616125
122,74,0.00314905
122,77,0.0011977875
122,78,0.00331223375
122,82,0.0072322887499999995
122,84,0.004328807499999999
122,85,0.00111477
122,86,0.007796535
122,93,0.003931784999999999
122,95,0.00105295125
131,1,0.03453623375
131,2,0.000469705
131,3,0.057825922499999995
131,10,0.006477632499999999
131,16,0.0008369524999999999
131,46,0.00012643
131,84,0.0012690487499999999
132,2,0.0015457912500000002
132,5,0.01787318875
132,6,0.00084837
132,7,0.00663634875
132,8,0.0071996225
132,10,0.04016258
132,11,0.01648682625
132,12,0.00222732875
132,13,0.04398987
132,14,0.0151051075
132,15,0.010085425
132,17,0.0041207612499999996
132,18,0.00469648125
132,19,0.00881511875
132,20,0.0630718075
132,21,0.03030878125
132,22,0.0535762075
132,23,0.02118296875
132,24,0.03207857625
132,25,0.01275932375
132,26,0.009743103749999999
132,27,0.013141241249999998
132,28,0.02846074625
132,29,0.053710776249999995
132,30,0.016581534999999998
132,31,0.00308192375
132,32,0.04429599125
132,35,0.0069729662500000004
132,36,0.01908093
132,41,0.15398120624999997
132,42,0.07390013749999999
132,43,0.0018342175
132,46,0.02200299875
132,47,0.0059142625
132,49,0.06031438
132,51,0.0002209375
132,52,0.025757851249999998
132,53,0.00015183375
132,58,0.0008308225
132,61,0.00354003
132,68,0.00623637
132,73,0.0020329249999999997
132,74,0.0113602375
132,77,0.00517016875
132,78,0.008100053749999999
132,79,0.00230194
132,81,0.00103108
132,84,0.009182524999999999
132,85,0.0059960874999999995
133,10,0.00028605
133,26,0.004445514999999999
133,32,0.0020393475
133,35,0.0043247325
133,43,0.000036347500000000004
133,52,0.004940005
133,53,0.016776001250000002
133,58,0.0005901249999999999
133,60,0.0043247325
133,61,0.0034207837499999998
133,62,0.20968975125
133,63,0.009604739999999999
133,64,0.002999395
133,71,0.0008307812499999999
133,82,0.005315035000000001
133,84,0.0010897474999999998
134,1,0.0011266075000000001
134,11,0.0011294825
134,16,0.00471202625
134,17,0.0023736599999999997
134,20,0.0012021974999999999
134,21,0.005685293750000001
134,26,0.00876035125
134,32,0.0038458162499999996
134,42,0.005894606249999999
134,47,0.000655385
134,49,0.00426043625
134,52,0.0055279925
134,56,0.0021141075
134,61,0.004503185
134,62,0.0243554
134,64,0.30556894375000004
134,65,0.036598649999999996
134,66,0.03385815125
134,68,0.00199872875
134,69,0.004771444999999999
134,70,0.00241364625
134,71,0.00471202625
134,72,0.0025462799999999997
134,74,0.018348464999999998
134,77,0.0016168737499999998
134,78,0.01194243625
134,79,0.0054541337499999995
134,82,0.0025671425
134,84,0.002971705
134,85,0.078748145
134,86,0.00840251625
134,88,0.004782686249999999
134,90,0.00039981875
134,94,0.004639208749999999
141,10,0.0004595425
141,47,0.00352052625
141,55,0.1018917275
141,56,0.28126289374999996
141,85,0.01522386
141,96,0.00139248125
142,2,0.00030217875
142,3,0.01651635375
142,8,0.009246725
142,10,0.0040461937500000005
142,11,0.006286633749999999
142,12,0.0013751525
142,13,0.0074853574999999995
142,15,0.001502515
142,32,0.00052499875
142,33,0.00339620625
142,35,0.0009094225
142,36,0.0012067274999999998
142,45,0.02404611875
142,46,0.12440485500000001
142,47,0.1121409875
142,49,0.001235845
142,56,0.00152567875
142,64,0.00431763
142,74,0.00028199
142,77,0.00103507625
142,85,0.0045259875
143,3,0.0007382224999999999
143,5,0.0021443674999999996
143,8,0.0038277949999999997
143,10,0.03954510125
143,11,0.00459347875
143,12,0.0001342375
143,13,0.0035239762499999997
143,14,0.009824349999999999
143,15,0.005596460000000001
143,17,0.0050804975
143,18,0.00277241375
143,19,0.00360285125
143,20,0.0032630037499999996
143,21,0.010365126249999999
143,22,0.00601271375
143,24,0.012385616249999998
143,25,0.0071719225000000004
143,26,0.006316758750000001
143,28,0.0072990962500000004
143,29,0.009149772499999998
143,30,0.00538938625
143,32,0.0022642962499999997
143,35,0.007686776249999999
143,36,0.00684540875
143,37,0.00803213375
143,41,0.00121466625
143,42,0.00445730875
143,43,0.00850598
143,45,0.01635398875
143,46,0.03756650375
143,47,0.07641400875
143,49,0.03736365875
143,52,0.0261273025
143,53,0.0031646075
143,55,0.0010485275
143,56,0.00869794625
143,61,0.006395531249999999
143,62,0.010818732499999999
143,63,0.0136146525
143,64,0.08910228875000001
143,65,0.022704228749999996
143,66,0.0032824300000000002
143,68,0.009167864999999999
143,69,0.00599205375
143,70,0.0027821875
143,74,0.006698087499999999
143,77,0.00861687625
143,78,0.00935449375
143,79,0.021761271250000002
143,80,0.00301712125
143,81,0.0027830437500000003
143,82,0.02306541625
143,84,0.0042039024999999995
143,85,0.0056285137499999995
143,86,0.01631380125
143,88,0.006844255
143,90,0.00423401875
143,93,0.0039258825
143,94,0.0015942225
143,95,0.0026746925
143,96,0.0026662075
211,9,0.00084572
211,19,0.0025844949999999996
211,20,0.0030350875
211,21,0.048689505
211,24,0.00648193375
211,47,0.0015910275
211,72,0.004973315
211,85,0.0012009149999999999
211,86,0.02413268125
212,29,0.005827458749999999
212,72,0.006042199999999999
212,85,0.00210344625
213,2,0.0018068849999999998
213,20,0.00395513
213,26,0.0035617912500000002
213,46,0.00725213
213,70,0.0041783587500000005
213,72,0.01619833875
213,74,0.00213247875
213,84,0.0077769675
213,86,0.03362564125
214,5,0.0051038062500000005
214,6,0.0023829762499999996
214,7,0.00261814125
214,10,0.00106768
214,11,0.00638026375
214,13,0.0296169075
214,14,0.00620034875
214,17,0.00011214
214,19,0.00918475875
214,20,0.035313819999999996
214,21,0.015908837500000002
214,22,0.01832472375
214,23,0.03197363875
214,24,0.03574342625
214,25,0.02321964125
214,26,0.046107835
214,27,0.027305599999999996
214,28,0.02273451125
214,29,0.05901817625
214,30,0.03365564
214,33,0.01019777125
214,35,0.025311075
214,36,0.01806413
214,41,0.15536358874999998
214,42,0.1816075575
214,43,0.0635444325
214,45,0.0018942775000000002
214,46,0.00464120875
214,47,0.007511149999999999
214,49,0.012904682499999999
214,50,0.00350329625
214,52,0.008814491249999999
214,60,0.00231189125
214,61,0.018761194999999998
214,62,0.13699222125
214,64,0.0021081374999999997
214,66,0.0024341199999999997
214,68,0.00067848125
214,71,0.05721720625
214,72,0.0036977487499999994
214,74,0.00232856125
214,81,0.00164965875
214,84,0.06718653249999999
214,85,0.0019498312499999998
214,86,0.00226524
214,94,0.0019027049999999998
215,7,0.0196964675
215,10,0.00024447375
215,22,0.00765132375
215,23,0.0097448675
215,24,0.00791859
215,26,0.03731884125
215,27,0.04705780125
215,28,0.012769397499999998
215,30,0.00633290875
215,32,0.00666697375
215,33,0.005477383749999999
215,35,0.0460128825
215,42,0.00192151375
215,43,0.00697807375
215,50,0.00279221875
215,55,0.00113569875
215,58,0.0008307812499999999
215,59,0.00909295625
215,61,0.0034846225
215,62,0.017139784999999998
215,63,0.0020049762499999998
215,71,0.006395806249999999
215,73,0.0036430399999999997
215,84,0.0198873325
215,86,0.0025936487499999997
215,95,0.00452221125
216,5,0.0007470075
216,13,0.012003937499999999
216,14,0.012651011249999998
216,17,0.0049791525
216,18,0.016958568749999996
216,21,0.0013051574999999999
216,23,0.00414066125
216,24,0.0032919250000000002
216,25,0.00210914125
216,26,0.021874670000000002
216,27,0.0009841175
216,28,0.0011024799999999999
216,31,0.0008415975
216,32,0.0012047249999999998
216,35,0.001385485
216,38,0.00105295125
216,41,0.03485600125
216,42,0.00958762625
216,43,0.01329790625
216,47,0.00105295125
216,49,0.00036657375
216,58,0.002788535
216,59,0.009183123750000001
216,62,0.08175747375
216,63,0.0213352625
216,71,0.10906964
216,73,0.01257545625
216,74,0.19187924625
216,82,0.00159238375
216,84,0.02107735
216,88,0.0006991425
216,90,0.00946193375
221,24,0.0008726574999999999
221,38,0.0054617675
221,75,0.00774785
221,84,0.0040060975
221,85,0.00065737125
221,86,0.80934241125
221,87,0.0032974437499999998
222,24,0.0006126549999999999
222,84,0.00386688625
222,85,0.010159122500000001
222,86,0.58483872125
222,87,0.00918526625
223,21,0.003165715
223,33,0.0071074175
223,46,0.00710885625
223,47,0.0022511712499999996
223,86,0.09452348
224,21,0.0011850250000000001
224,35,0.0078279875
224,75,0.0002389875
224,85,0.00168024
224,86,0.1642503525
225,75,0.11121023875
225,86,0.00183148125
226,10,0.0030513075
226,21,0.026360871249999997
226,46,0.00352828625
226,47,0.0070959325
226,52,0.00233153375
226,75,0.0042204925
226,84,0.013442747500000001
226,85,0.00117825625
226,86,0.47186168375
226,87,0.00131231625
231,78,0.0026493000000000003
231,85,1.0749597450000001
232,84,0.00172342875
232,85,0.128722095
233,85,3.2829686187499996
233,97,0.027232404999999998
234,84,0.00749834
234,85,5.2744829125
234,88,0.0087524825
234,94,0.00397718375
234,96,0.019849949999999998
234,97,0.03400134875
235,13,0.00010483750000000001
235,43,0.00211812125
235,59,0.00531611875
235,62,0.00228162125
235,78,0.00053773625
235,84,0.006585816249999999
235,85,1.1710758262499998
235,86,0.014648011249999999
235,87,0.00079190625
235,90,0.00844746125
235,93,0.00148193125
235,94,0.01534776625
235,96,0.02700206875
235,97,0.2480552875
241,1,0.003826945
241,3,0.00137031375
241,5,0.00394478
241,8,0.0041797075
241,9,0.0012147362499999998
241,10,0.01359394625
241,11,0.0046174375
241,13,0.03323557875
241,14,0.03864106
241,16,0.0042590875
241,17,0.010806934999999998
241,18,0.0095054775
241,19,0.0009184612500000001
241,20,0.018052118750000002
241,21,0.02464204
241,22,0.016309075
241,23,0.04303612625
241,24,0.0090766175
241,25,0.012045655
241,26,0.01997936625
241,27,0.016119685
241,28,0.0251153225
241,29,0.014268
241,30,0.0029283699999999996
241,31,0.0014435499999999998
241,32,0.0074319975
241,35,0.01151109625
241,41,0.00673803125
241,42,0.00611540375
241,43,0.009738938749999999
241,45,0.04300897875
241,46,0.22409209125
241,47,0.12580862125
241,49,0.022174480000000003
241,50,0.0033961725
241,52,0.047222129999999994
241,53,0.010180608749999999
241,55,0.016981403750000002
241,56,0.01978778375
241,58,0.0008716475
241,59,0.00474681375
241,60,0.0021392125
241,61,0.00207504125
241,62,0.08491799374999999
241,63,0.013604837500000001
241,64,0.419904955
241,65,0.0206794075
241,66,0.09060466125
241,68,0.016632458750000002
241,69,0.33919718875
241,70,0.000036453749999999996
241,72,0.00196705125
241,73,0.00219142
241,74,0.007515632499999999
241,78,0.011938145
241,79,0.007846338750000001
241,82,0.02248620375
241,84,0.081166085
241,85,0.0463404775
241,86,0.03753555125
241,88,0.02126426125
241,92,0.0056740225
241,94,0.001371815
241,95,0.0005123325
241,96,0.00344288375
242,8,0.00112816125
242,13,0.003661705
242,14,0.00426871875
242,16,0.00227168
242,17,0.0027066225
242,18,0.00285258125
242,20,0.005338274999999999
242,21,0.0106274075
242,22,0.00270161
242,23,0.013829938750000001
242,24,0.00098978625
242,26,0.0010712262499999999
242,28,0.0060952875
242,29,0.0008678125
242,32,0.00407204875
242,35,0.016750377499999997
242,36,0.0020860725
242,37,0.0019805975
242,42,0.012606126249999999
242,45,0.0014213512499999998
242,46,0.00575159
242,47,0.01297932125
242,49,0.0044261025
242,50,0.0024613212499999997
242,52,0.015231499999999999
242,56,0.0050157225
242,59,0.0099040375
242,62,0.07176469375
242,63,0.00508459375
242,64,0.017087412500000003
242,66,0.012440827500000001
242,69,0.00116856
242,70,0.0042427775
242,72,0.0003079625
242,78,0.0608906275
242,79,0.0019176562499999999
242,82,0.024895487499999997
242,84,0.03519428875
242,85,0.0407337625
242,86,0.0332990475
242,94,0.0019322287499999998
243,1,0.000034738750000000003
243,10,0.025315986250000002
243,13,0.00266687375
243,15,0.00048604624999999994
243,16,0.0009441525
243,17,0.0015514175
243,18,0.00519486
243,19,0.00303413625
243,20,0.017274968749999998
243,21,0.0858761775
243,22,0.011690025
243,23,0.00338988625
243,25,0.00211065
243,26,0.009890995
243,27,0.00796435125
243,28,0.005227046249999999
243,29,0.001451
243,32,0.0027427725
243,35,0.0057541962499999995
243,42,0.00289926875
243,45,0.030193013749999997
243,46,0.26146870625
243,47,0.08730787
243,52,0.0122579
243,56,0.0011547237500000001
243,58,0.009418667499999998
243,60,0.00556530875
243,61,0.010528667499999998
243,62,0.018822451249999997
243,63,0.00524891375
243,64,0.08919345249999999
243,65,0.01593333
243,66,0.01350143125
243,68,0.0076408924999999996
243,70,0.01637381
243,72,0.00100526
243,73,0.0506202825
243,74,0.0047388225
243,79,0.00224563
243,82,0.0096606025
243,84,0.00598110875
243,85,0.0225632325
243,86,0.010982868750000001
243,90,0.00360593375
243,96,0.00126243625
251,20,0.00180773875
251,21,0.0001554675
251,26,0.0037921162499999998
251,29,0.00399321625
251,43,0.00001203
251,46,0.00625666
251,52,0.00439038125
251,55,0.00522224375
251,58,0.09236784125
251,60,0.0007791975
251,61,0.00188970125
251,62,3.58565131875
251,63,0.08891877625
251,64,0.0074033675
251,70,0.00118286375
251,71,0.026168917500000003
251,72,0.00118286375
251,74,0.00717008
251,78,0.0012929225000000001
251,82,0.025115075
251,84,0.00532617875
251,85,0.0032436287499999997
251,86,0.00145332875
252,18,0.0419201875
252,21,0.00506519875
252,43,0.0047419312499999994
252,46,0.00391096
252,52,0.00588133625
252,58,0.00032174875
252,61,0.0032142324999999998
252,62,0.08530533125
252,63,0.08242501375
252,66,0.00090407125
252,70,0.0014587637500000001
252,71,0.00174721375
252,78,0.00353775875
252,82,0.01551608625
252,84,0.0023136575
252,85,0.00368353625
252,86,0.005547441249999999
252,95,0.00217557875
261,62,0.001730365
261,63,0.0049002412499999995
261,64,0.00565961
261,69,0.712440415
261,80,0.00078161
261,82,0.00033033499999999996
261,84,0.083587535
261,85,0.0011581837500000002
261,94,0.0124499225
261,96,0.01593791125
262,63,0.00146512625
262,64,0.00157518875
262,84,0.0027229825
262,85,0.031229033749999996
262,86,0.00023816499999999998
262,91,0.03938954125
263,8,0.00252971
263,64,0.00227168
263,69,0.001571915
263,73,0.0031863349999999998
263,82,0.00242988625
263,84,0.0272300375
263,85,0.013576222499999999
263,86,0.0055309775
263,87,0.00035829
263,88,0.06713735374999999
263,90,0.000240065
263,94,1.0160663658333333
263,96,0.18069397125
264,18,0.01047827625
264,52,0.0013724925
264,58,0.03523697
264,59,0.005264835
264,60,0.00459562875
264,62,0.07641320624999999
264,63,0.0626092475
264,69,0.0021511062499999997
264,74,0.0040897825
264,78,0.0015459987499999999
264,82,0.00196652875
264,84,0.008817555
264,90,0.03663116875
265,13,0.0014987574999999998
265,20,0.0008672587499999999
265,23,0.04117723125
265,43,0.0012589625000000001
265,56,0.00018797125
265,59,0.07486746374999999
265,60,0.00543153125
265,73,0.0036978550000000003
265,74,0.024757755
265,77,0.0021617475
265,85,0.009778504999999998
265,90,0.41020854
265,93,0.0168347475
265,94,0.00216887375
265,96,0.013599108749999998
311,5,0.000937985
311,6,0.00135328625
311,10,0.0058412625000000004
311,13,0.00847416375
311,14,0.0022476775
311,19,0.01667239125
311,20,0.031962977499999996
311,21,0.006398165
311,22,0.00317000375
311,23,0.00374598
311,24,0.01678744
311,25,0.00255887375
311,26,0.03387137625
311,27,0.0263376575
311,28,0.0059868875
311,29,0.013381810000000001
311,30,0.038911327499999995
311,32,0.00740690875
311,33,0.012766178750000001
311,35,0.06060483125
311,36,0.00049461
311,37,0.0024872312499999998
311,41,0.0199919575
311,42,0.013931475
311,43,0.008396647499999998
311,45,0.02489315625
311,46,0.00155941625
311,47,0.0025331424999999997
311,49,0.031382195
311,52,0.00211373125
311,55,0.0030278787499999995
311,56,0.00129140875
311,61,0.02259637875
311,62,0.0037841612499999997
311,64,0.00421684
311,71,0.016459235
311,72,0.00021715875
311,77,0.00246197625
311,80,0.01922921875
311,82,0.0008155274999999999
311,84,0.049766365
311,85,0.02689751
311,86,0.02041076125
311,95,0.01453017875
312,1,0.006326092499999999
312,5,0.04010242375
312,6,0.0069827525
312,7,0.0135738425
312,8,0.047395536249999995
312,10,0.12516636875
312,11,0.00962838375
312,12,0.00943714125
312,13,0.09821039125
312,14,0.10516926374999999
312,15,0.068702745
312,16,0.0242718475
312,17,0.030134534999999997
312,18,0.0070259712500000005
312,19,0.01727501875
312,20,0.07760176499999999
312,21,0.06689742375
312,22,0.045147265
312,23,0.03734259
312,24,0.06718935000000001
312,25,0.06680010624999999
312,26,0.044947442500000004
312,27,0.033172589999999995
312,28,0.10372475375
312,29,0.06578818
312,30,0.03170996875
312,31,0.02507990375
312,32,0.029364519999999998
312,33,0.00598757875
312,35,0.06880357875
312,36,0.022810752499999996
312,37,0.008904386249999998
312,38,0.00404722125
312,41,0.44857324125
312,42,0.2146931225
312,43,0.076241955
312,45,0.0092157575
312,46,0.04059548625
312,47,0.00246718625
312,49,0.00765005875
312,50,0.003378495
312,52,0.0070942875
312,61,0.00023755749999999998
312,62,0.00084396
312,68,0.03143969
312,71,0.00049790125
312,73,0.0056932925
312,74,0.0052602875
312,78,0.00125390125
312,81,0.00405756125
312,84,0.032851442499999994
312,85,0.0066558225
312,86,0.0115763775
312,90,0.002048175
312,94,0.0013051075
313,5,0.00925694
313,6,0.00501745
313,7,0.0025331424999999997
313,10,0.0110471475
313,11,0.0031366562499999997
313,13,0.0100062225
313,14,0.00144678125
313,17,0.0007155025
313,19,0.0102650725
313,20,0.007405378749999999
313,21,0.0022219724999999997
313,22,0.0011608637499999999
313,23,0.0036109362500000002
313,24,0.02961088875
313,25,0.0041877
313,26,0.00856225
313,27,0.016420651249999998
313,28,0.020444237499999997
313,29,0.0731640325
313,30,0.00488304875
313,32,0.0032223162499999997
313,35,0.046509326250000003
313,36,0.12391830999999999
313,37,0.00312640375
313,42,0.004590354999999999
313,46,0.00376043625
313,47,0.01310745375
313,49,0.004091885
313,50,0.00224150125
313,52,0.02399909125
313,56,0.0020594924999999997
313,58,0.0048828
313,62,0.00042113249999999996
313,71,0.00461238375
313,74,0.00500089875
313,78,0.0003403125
313,84,0.06240888375
313,86,0.00069941625
313,95,0.00192721875
314,1,0.00198166875
314,21,0.0151565125
314,71,0.00185546875
314,72,0.0007097024999999999
314,84,0.00296853375
314,85,0.00421144375
314,86,0.031574003749999996
315,27,0.000870105
315,30,0.010582075
315,35,0.00122402125
315,50,0.0011426387500000001
315,51,0.003653245
315,52,0.0039450375
315,60,0.0001459025
315,71,0.00078559625
315,84,0.021191677499999995
321,21,0.07024625875
321,26,0.0014478775
321,46,0.00734856375
321,47,0.04113844625
321,71,0.00046508374999999996
321,72,0.0023682337499999996
321,78,0.003145515
321,84,0.0021022125
321,85,0.0006853849999999999
321,86,0.46662625125
321,94,0.0000974225
322,10,0.00244223
322,42,0.005092516249999999
322,78,0.0017395924999999998
322,84,0.12091705
322,85,0.24933780625
322,86,1.1131791975
322,87,0.0492013075
322,88,0.37324217
322,96,0.0074237125
322,97,0.001755675
323,21,0.01396625
323,46,0.0000826475
323,86,0.024762597499999997
324,1,0.030987836249999994
324,45,0.00084396
324,75,0.06008271
324,84,0.0009237799999999999
324,86,0.003150715
325,21,0.004192618749999999
325,26,0.0028647775
325,32,0.0023562725
325,65,0.0010814487499999999
325,70,0.005594693749999999
325,71,0.00609939
325,84,0.0297277475
325,85,0.001092605
325,86,0.14514435875
325,88,0.0027745675
325,97,0.0035907075
331,1,0.0022714049999999998
331,10,0.00397781375
331,41,0.00377870125
331,45,0.00445485
331,47,0.000921575
331,49,0.0042239125
331,55,0.00079033
331,62,0.00198702
331,63,0.003026445
331,64,0.25937930374999996
331,65,0.0043532875000000006
331,66,0.08372068625
331,69,0.015975265
331,70,0.01082883125
331,73,0.0012590675
331,74,0.00593734375
331,82,0.00430249875
331,84,0.0315811025
331,85,0.010962476249999999
331,86,0.00200458125
331,96,0.00148425375
332,1,0.021126710000000003
332,8,0.00047907125
332,10,0.0066557575
332,11,0.0030077212499999995
332,12,0.01366015
332,14,0.01939663875
332,15,0.002458395
332,17,0.0008430112499999999
332,19,0.00265028375
332,21,0.012251934999999999
332,22,0.00765132375
332,23,0.00218983
332,24,0.000607435
332,25,0.00339207375
332,26,0.0028874412499999996
332,27,0.00620829875
332,28,0.00664573375
332,29,0.0037146362499999998
332,30,0.00768407375
332,32,0.02771457625
332,33,0.000090695
332,35,0.0012452825
332,36,0.011957958749999999
332,42,0.007716202499999999
332,45,0.10480882250000001
332,46,0.28403468375
332,47,0.0737976575
332,49,0.0022167424999999996
332,52,0.0029097512500000002
332,53,0.00100425625
332,55,0.00020959374999999998
332,56,0.008977323749999998
332,58,0.00290164125
332,61,0.00173618
332,62,0.008956145
332,63,0.0176147025
332,64,0.16558530875
332,65,0.23960797749999999
332,66,0.16043457625000002
332,68,0.21259964250000002
332,69,0.012760210000000001
332,70,0.0134409375
332,73,0.00431454875
332,74,0.023112353750000002
332,78,0.00175684625
332,79,0.001599555
332,82,0.0154857375
332,84,0.0007735712499999999
332,85,0.013933917499999999
332,86,0.00562769
332,92,0.00950804125
332,95,0.0038416425
332,96,0.00574529875
333,1,0.001168695
333,5,0.0046247862499999995
333,6,0.00274846
333,23,0.00020802125
333,24,0.00472283625
333,30,0.010435219999999999
333,33,0.0052772525
333,35,0.00371679375
333,41,0.06754015124999999
333,42,0.011756007499999999
333,46,0.00971585125
333,47,0.018032404999999998
333,49,0.0058110825
333,52,0.0207674575
333,53,0.00624000125
333,55,0.00199646125
333,56,0.011711651249999998
333,61,0.00101317
333,62,0.0008364125
333,64,0.041921151250000004
333,65,0.013388015000000001
333,66,0.0325352125
333,68,0.36468224625
333,69,0.0186841725
333,74,0.00710605125
333,77,0.00241583625
333,78,0.01735992
333,79,0.00637566875
333,80,0.002089835
333,82,0.02706416
333,85,0.004831186249999999
333,96,0.0031113812499999997
334,1,0.00038178375
334,2,0.00267914375
334,3,0.00041425375
334,10,0.00127995125
334,13,0.0004489075
334,18,0.00094934375
334,19,0.01187795375
334,20,0.00338268625
334,21,0.0022956412499999996
334,23,0.00020802125
334,24,0.01492282
334,27,0.00029547875
334,30,0.00178933875
334,32,0.003820985
334,35,0.01123598875
334,36,0.00102553125
334,41,0.0018575125
334,42,0.00606326
334,43,0.00203116125
334,47,0.007704698749999999
334,49,0.01584672125
334,51,0.0039755475
334,52,0.022240173749999998
334,53,0.032928099999999995
334,59,0.0024182400000000003
334,61,0.007062948749999999
334,62,0.0078033825
334,64,0.008314407499999999
334,65,0.0023230399999999997
334,66,0.00794988
334,68,0.007314515
334,69,0.01169299375
334,70,0.0043203775
334,73,0.001122915
334,74,0.00015226250000000002
334,78,0.0002046575
334,82,0.03139360125
334,84,0.1358847325
334,85,0.045428908750000004
334,86,0.0060358799999999995
334,88,0.00153367875
334,93,0.00471012125
334,94,0.00134305
335,1,0.00048851375
335,27,0.00654735625
335,35,0.0030700849999999997
335,42,0.0010624775
335,63,0.00543033625
335,66,0.00034060374999999996
335,69,0.007389633749999999
335,70,0.00073127375
335,82,0.002800975
335,84,0.4705465425
335,85,0.0048039037500000005
335,86,0.001941045
335,88,0.0038775224999999997
341,49,0.00124707375
341,64,0.001413885
341,65,0.0005371800000000001
341,69,0.04366467375
341,82,0.0178548875
341,84,0.03559471625
341,85,0.0029961375
341,88,0.010617288749999999
341,94,0.065408235
341,96,0.010001768749999999
342,85,0.09382568499999999
342,86,0.0013463787500000001
342,93,0.08323875875
343,21,0.0006126725
343,23,0.00020430125
343,32,0.01940748875
343,35,0.0003146025
343,41,0.0125239575
343,43,0.022322792499999997
343,46,0.010291677499999999
343,47,0.0024613212499999997
343,55,0.0007457475
343,56,0.0183265525
343,62,0.01320771625
343,64,0.005527085
343,65,0.00556006625
343,69,0.00215664625
343,71,0.00558874375
343,74,0.35570863625
343,77,0.0367070675
343,79,0.006869704999999999
343,82,0.027219609999999998
343,84,0.04386369625
343,85,0.006257526249999999
343,86,0.0015325224999999999
343,90,0.01384929
343,94,0.00008380625000000001
351,14,0.00837565
351,15,0.0024187249999999996
351,18,0.00548743
351,21,0.00255884375
351,24,0.00751950875
351,26,0.00238074375
351,27,0.0011520525
351,32,0.001661095
351,35,0.0032991024999999997
351,43,0.0071388975
351,52,0.00012125375
351,58,0.012833415
351,59,0.010136088750000001
351,60,0.0009067537499999999
351,61,0.01133439625
351,62,0.12582262
351,63,0.0318407225
351,64,0.007079205
351,69,0.00238367125
351,71,0.0133251225
351,72,0.007310013749999999
351,73,0.0029698612499999997
351,82,0.00704134625
351,84,0.01513989625
351,85,0.004138448749999999
351,86,0.00018987875
351,95,0.0119229275
352,18,0.00864994375
352,22,0.00613416625
352,33,0.0041625312499999996
352,35,0.00076085
352,42,0.00001203
352,43,0.027576115000000002
352,47,0.00320618875
352,52,0.00007476875
352,59,0.06323131875
352,60,0.01425674375
352,61,0.06395296125
352,63,0.00957722375
352,64,0.0018000537499999998
352,68,0.00209317
352,74,0.01577048875
352,77,0.01373892
352,82,0.0123426725
352,84,0.00260019
352,85,0.000242755
352,90,0.00521559875
352,95,0.0063702425
411,1,0.01617682875
411,2,0.00167411125
411,3,0.00492023125
411,5,0.022786644999999998
411,6,0.0046621825
411,7,0.000070475
411,8,0.00161540875
411,9,0.00066768
411,10,0.05623020375
411,11,0.0036191925
411,12,0.00294175125
411,13,0.04293824375
411,14,0.010766188749999999
411,15,0.008267486249999999
411,16,0.0042847137499999995
411,17,0.01397257375
411,18,0.01617179875
411,19,0.00394408
411,20,0.011267702499999999
411,21,0.0383326275
411,22,0.008055033750000001
411,23,0.024049338750000003
411,24,0.007846595
411,25,0.00499838875
411,26,0.008686125
411,27,0.0151113875
411,28,0.01475410875
411,29,0.00747041125
411,30,0.00176535125
411,31,0.00367038
411,32,0.019137354999999998
411,33,0.01210448125
411,35,0.10085258999999999
411,36,0.03874741625
411,38,0.0071674875
411,41,0.028275013749999998
411,42,0.059428146249999994
411,45,0.0180142025
411,46,0.08998163125
411,47,0.040869013749999995
411,49,0.113838395
411,50,0.0056189462499999995
411,51,0.004237939999999999
411,52,0.05945406625
411,53,0.0400525125
411,55,0.015571087499999999
411,56,0.00614922375
411,60,0.00214632375
411,61,0.01058952625
411,62,0.01843253125
411,63,0.01731960625
411,64,0.5467975574999999
411,65,0.061720687499999996
411,66,0.01549380125
411,68,0.011542403750000001
411,69,0.11905537
411,70,0.011991884999999999
411,71,0.00794178375
411,73,0.0008077975
411,74,0.00157445875
411,75,0.0024937125
411,77,0.00025117875
411,78,0.03102038
411,79,0.00902503625
411,80,0.0015459987499999999
411,81,0.0035659025
411,82,0.16610908125
411,84,1.06155237375
411,85,0.34936594875
411,86,0.1330496675
411,88,0.01898874
411,90,0.00049108625
411,91,0.001423805
411,93,0.00043377625
411,94,0.08399818124999998
411,95,0.00008607625
411,96,0.00371989875
412,35,0.0007003925
412,46,0.00638616625
412,49,0.00122078375
412,55,0.000405855
412,64,0.012487798750000001
412,82,0.010241988749999998
412,84,0.09229736999999999
412,86,0.0039306175
412,94,0.00143691625
412,97,0.02218367875
413,2,0.0018068849999999998
413,5,0.0027381475
413,8,0.00123854625
413,10,0.01802041875
413,11,0.0009681525
413,13,0.010468562499999999
413,14,0.0314742825
413,17,0.00253998
413,18,0.01805897
413,20,0.0373359625
413,21,0.00459845375
413,22,0.011629395
413,23,0.02459313375
413,24,0.0072079375
413,25,0.0016489125000000002
413,26,0.00037605375
413,27,0.02416742375
413,28,0.00987151
413,29,0.01085971375
413,30,0.00516897125
413,32,0.0090229975
413,33,0.002442825
413,35,0.02784826125
413,36,0.00364890625
413,38,0.00106606
413,41,0.00569912625
413,42,0.0012885462499999999
413,43,0.005564755
413,45,0.037905598750000005
413,46,0.053152451249999996
413,47,0.10617423625
413,49,0.00400354
413,51,0.0003664375
413,52,0.04822356
413,53,0.01302950375
413,55,0.007459063750000001
413,56,0.0008812799999999999
413,58,0.02056643
413,60,0.008060607499999999
413,61,0.01371833375
413,62,0.1485419725
413,63,0.21617727874999998
413,64,0.08533359625
413,65,0.01253991
413,66,0.017882864999999998
413,68,0.011657851249999998
413,69,0.02957580625
413,70,0.00102626875
413,71,0.0033721912499999995
413,74,0.00354601125
413,77,0.001413145
413,80,0.0041735324999999995
413,82,0.1787922025
413,84,0.18184208624999998
413,85,0.03179461125
413,86,0.10274732624999999
413,87,0.0010081299999999999
413,90,0.0018030375000000001
413,91,0.00021967000000000002
413,94,0.006068556249999999
413,95,0.010656092499999999
413,96,0.0015264599999999999
421,8,0.004001735
421,10,0.00527238125
421,14,0.0044940299999999996
421,25,0.00087590125
421,27,0.0011293862499999999
421,32,0.0073283125
421,35,0.032627343749999996
421,36,0.00400354875
421,42,0.00140058625
421,45,0.010317146249999999
421,46,0.034379601249999996
421,47,0.060236542500000004
421,49,0.0039518525
421,52,0.0015647249999999999
421,53,0.01937309375
421,55,0.00312945375
421,56,0.0116735
421,59,0.000815475
421,61,0.00358951375
421,63,0.00493226375
421,64,0.5415299699999999
421,65,0.00358327375
421,66,0.005898565
421,69,0.00466794125
421,78,0.0301580825
421,82,0.03804559874999999
421,84,0.025513632499999998
421,85,0.00028465500000000003
421,86,0.02091671125
421,90,0.00008607625
421,92,0.013704480000000002
421,94,0.00631824875
422,1,0.00250924625
422,11,0.00039570249999999995
422,14,0.005730343749999999
422,21,0.0011322675
422,22,0.0016718949999999998
422,23,0.0006412074999999999
422,24,0.0014720287499999998
422,27,0.0025597125
422,29,0.0035776049999999998
422,42,0.003837035
422,45,0.01551075625
422,46,0.0026999149999999998
422,47,0.003808545
422,49,0.01664718
422,51,0.008342665
422,52,0.011749184999999999
422,53,0.003451595
422,55,0.03596331125
422,56,0.015414671250000001
422,59,0.0011976349999999998
422,61,0.0041254625
422,62,0.008863220000000002
422,63,0.05329837
422,64,0.03764582624999999
422,66,0.00416117875
422,69,0.006112159999999999
422,70,0.00448210375
422,71,0.0020622849999999996
422,74,0.00066014625
422,78,0.0021304675
422,79,0.02233117875
422,81,0.00199206875
422,82,0.040642044999999995
422,84,0.013107210000000001
422,85,0.029918234999999998
422,86,0.1375414475
422,88,0.0061578275
422,94,0.00044013
422,95,0.00038657875
422,96,0.00854335375
431,1,0.0030750299999999994
431,3,0.0014851674999999999
431,8,0.00084744
431,10,0.020512825
431,11,0.0014052525
431,12,0.00189018
431,13,0.0065663525
431,14,0.00530607625
431,15,0.0068142325
431,16,0.00010992499999999999
431,17,0.00385234625
431,18,0.0016185125
431,20,0.006278209999999999
431,21,0.004352139999999999
431,22,0.008975954999999999
431,23,0.01360749625
431,24,0.007228726249999999
431,25,0.01088374375
431,26,0.00133256375
431,28,0.00371353875
431,29,0.013959781249999999
431,30,0.0046489575
431,31,0.0019961312500000002
431,32,0.00330888375
431,35,0.0059545425
431,36,0.0036436612499999997
431,39,0.00128795
431,41,0.0204946875
431,42,0.008814467500000001
431,43,0.00241224875
431,45,0.026108687499999998
431,46,0.07855825625
431,47,0.0833028925
431,49,0.016233716250000002
431,50,0.00265028375
431,52,0.01331083625
431,53,0.0035956162499999997
431,56,0.00902509875
431,58,0.00151267625
431,61,0.00751852375
431,62,0.01930948125
431,64,0.5162242137499999
431,65,0.00551003375
431,66,0.0034774374999999996
431,68,0.017679675000000002
431,69,0.08195660125
431,70,0.0021387274999999997
431,73,0.00061009375
431,77,0.00307729125
431,78,0.00400526
431,79,0.0005983212499999999
431,80,0.0014213512499999998
431,82,0.01263135
431,84,0.14176743125
431,85,0.042832436249999994
431,86,0.02750480125
431,94,0.0010364212500000001
432,1,0.008620079999999999
432,5,0.0046247862499999995
432,8,0.00018851875
432,10,0.008319755
432,11,0.0282794975
432,13,0.00084388
432,14,0.01325510375
432,15,0.000129865
432,18,0.00449140375
432,20,0.0068880799999999996
432,21,0.00813732875
432,22,0.00238034875
432,23,0.02390496
432,24,0.00256355
432,25,0.005519395
432,26,0.0015193075
432,27,0.00580081375
432,28,0.00882558
432,29,0.010895825
432,30,0.007258748749999999
432,32,0.01218032875
432,35,0.00353553375
432,36,0.0023609887499999997
432,41,0.00068206875
432,45,0.00397068125
432,46,0.06979520125
432,47,0.01775430625
432,49,0.020887116249999997
432,50,0.0048313474999999995
432,52,0.058746481249999996
432,53,0.0089436325
432,55,0.00483826625
432,56,0.008406145
432,61,0.0079358675
432,66,0.0011505250000000001
432,77,0.00655572
432,78,0.002208725
432,82,0.01885765625
432,84,0.04675109
432,85,0.0002315525
432,86,0.0058283625
432,93,0.0027976
432,96,0.0037534887499999997
441,1,0.01030765875
441,2,0.004504739999999999
441,3,0.00033852750000000004
441,5,0.0206876725
441,7,0.0005168125
441,9,0.00004228
441,10,0.01366759375
441,14,0.00135216
441,15,0.0035685624999999997
441,17,0.00210620125
441,18,0.00893385125
441,19,0.0034776662500000002
441,21,0.00816922375
441,23,0.00619510875
441,24,0.005422063749999999
441,25,0.0022428737500000003
441,26,0.009661405
441,27,0.0035009
441,29,0.00201128
441,30,0.00442527125
441,31,0.004822675
441,32,0.01222216125
441,33,0.0001545675
441,35,0.019604142499999998
441,36,0.0123155075
441,37,0.0023822849999999996
441,41,0.00177350125
441,42,0.01442769125
441,43,0.00006445749999999999
441,45,0.0115782275
441,46,0.04943535375
441,47,0.01620233125
441,49,0.01996239875
441,50,0.00683671375
441,51,0.0003017375
441,52,0.01521172375
441,53,0.18515577500000002
441,55,0.016597816249999998
441,58,0.00177093
441,59,0.0044524774999999996
441,60,0.0020049725
441,61,0.00675342875
441,62,0.0169132725
441,63,0.0037106887500000002
441,64,0.18156075625
441,65,0.0074590425000000005
441,66,0.0035677937499999997
441,68,0.01563963125
441,69,0.056208434999999994
441,70,0.0022906262500000003
441,71,0.0029972899999999997
441,72,0.00126594
441,74,0.0025382200000000003
441,75,0.030114851249999998
441,77,0.00010400249999999999
441,78,0.0164350475
441,79,0.00333961
441,81,0.005195053749999999
441,82,0.15140388625
441,84,0.5654423449999999
441,85,0.43638742375
441,86,0.063515375
441,88,0.00297852875
441,91,0.008437325
441,93,0.0028508025
441,94,0.0020822962500000003
441,95,0.003316845
441,96,0.00483233375
511,47,0.0018360124999999999
511,49,0.389990195
511,51,0.0069333549999999996
511,52,0.041759388749999994
511,79,0.048308225
511,82,0.00116523125
511,84,0.0014577375000000001
511,85,0.03035885875
512,1,0.00363775125
512,2,0.0015593675
512,5,0.00106478875
512,6,0.00296951125
512,8,0.00415382625
512,10,0.18599467125
512,11,0.0024429587500000003
512,13,0.0027720212500000002
512,14,0.00177360125
512,20,0.004497376249999999
512,21,0.0031533837499999997
512,23,0.00019983999999999998
512,24,0.0025497224999999997
512,26,0.011221802500000001
512,27,0.002217935
512,30,0.010256368750000001
512,35,0.00270317
512,41,0.00502297
512,42,0.001278325
512,47,0.04292929875
512,55,0.13146385375
512,56,2.617212665
512,62,0.00156084
512,64,0.004357555
512,84,0.04279149624999999
512,85,0.7957711199999999
512,86,0.017397505
512,87,0.00111506125
512,88,0.10202144625000001
512,94,0.018614618749999996
512,96,0.025734049999999998
512,97,0.850107925
513,10,0.00164994
513,15,0.00180844
513,52,0.0008418474999999999
513,55,0.035498303749999995
513,56,0.632237285
513,64,0.0024905500000000002
513,77,0.00359162
513,82,0.0030822825
513,84,0.007627221249999999
513,85,0.0047656175
513,90,0.0018959299999999999
513,92,0.0004904499999999999
513,94,0.0017233975
513,96,0.00129050875
513,97,0.00617622625
514,1,0.0011280475
514,15,0.0017019449999999998
514,59,0.004165520000000001
514,69,0.00972771
514,84,0.008435817500000001
514,86,0.00552129
514,87,0.0015004362499999998
514,94,0.007428633749999999
514,96,2.420982515
514,97,0.00092875625
515,1,0.00448676
515,10,0.00909962375
515,12,0.00201335
515,13,0.00557618
515,20,0.006945556249999999
515,22,0.00455935
515,23,0.011003521249999999
515,24,0.012885605
515,25,0.00124107375
515,27,0.003228055
515,29,0.00452301375
515,35,0.00545310625
515,36,0.0089413725
515,41,0.02786969125
515,42,0.00351219875
515,45,0.0052022449999999994
515,46,0.001463175
515,47,0.01402154375
515,49,0.00323584875
515,51,0.0039295725
515,52,0.02774866125
515,55,0.0951932925
515,56,0.5065809299999999
515,59,0.00244389125
515,62,0.019530198749999998
515,64,0.00817876125
515,68,0.0053532775
515,75,0.0009073737499999999
515,77,0.00027394875
515,78,0.0064354825
515,80,0.006293735
515,81,0.02516116375
515,82,0.0220232725
515,84,0.03727636625
515,85,0.035623628750000004
515,86,0.06594002375
515,87,0.00164215625
515,90,0.01886778625
515,93,0.0011535062500000002
515,94,0.0077541699999999995
515,96,0.020221919999999997
515,97,0.19471193625
516,1,0.00885268125
516,2,0.01335802
516,10,0.0031682299999999997
516,11,0.0009662812499999999
516,13,0.0019145425
516,14,0.02092834625
516,15,0.000289935
516,17,0.007102005
516,29,0.04798773625
516,30,0.005108722499999999
516,35,0.00005582
516,36,0.00221746625
516,41,0.0000232525
516,42,0.011505208749999999
516,43,0.00078042625
516,45,0.0010909749999999999
516,46,0.00947097
516,47,0.0032156362500000003
516,49,0.00152113
516,52,0.00550344125
516,53,0.00708641125
516,55,0.001229365
516,56,0.0034784475
516,58,0.0021636737499999997
516,69,0.007086809999999999
516,73,0.00031741
516,74,0.011197138750000002
516,75,0.0043775624999999995
516,77,0.02675841125
516,80,0.0313238725
516,81,0.00210022375
516,82,0.00846106875
516,84,0.029574734999999998
516,85,0.031557395
516,86,0.04306285125
516,87,0.0038148975
516,88,0.018843678750000002
516,90,0.00063704875
516,94,0.0078729375
516,95,0.00749549625
516,96,0.2088747175
516,97,0.018353611250000002
521,1,0.3372801975
521,2,0.00034376249999999996
521,3,0.0017845387499999998
521,10,0.03876031625
521,11,0.014970285
521,12,0.00253073625
521,13,0.0058099812499999995
521,16,0.000029902499999999997
521,20,0.027212658749999997
521,21,0.00024980499999999997
521,23,0.0031376937499999996
521,27,0.00166001875
521,28,0.00127346375
521,32,0.006002516249999999
521,33,0.00169435875
521,35,0.0037152875
521,36,0.0018224687499999999
521,38,0.00966887625
521,45,0.018843726249999998
521,46,0.36840995374999996
521,47,2.9342321612499997
521,49,0.00443799375
521,56,0.6672625962500001
521,58,0.00092796375
521,60,0.002023065
521,61,0.012240635000000001
521,63,0.01432490375
521,64,0.009159108749999999
521,65,0.0024117825
521,68,0.007812436250000001
521,70,0.0010167425000000001
521,73,0.00870801625
521,82,0.03517549625
521,84,0.00353832625
521,92,0.0061033337499999995
521,95,0.00221164
522,1,0.020163999999999998
522,2,0.002112265
522,3,0.009511809999999999
522,8,0.0038277949999999997
522,10,0.18835912875
522,11,0.0169990625
522,12,0.00281809875
522,13,0.02293158625
522,14,0.01719603875
522,15,0.0060711524999999995
522,16,0.0131637625
522,17,0.0008811575
522,18,0.01202053375
522,20,0.005764838750000001
522,21,0.015442973749999998
522,22,0.0024841225
522,23,0.023877766249999998
522,24,0.02181047125
522,25,0.025603857499999997
522,26,0.00040367
522,27,0.00428076
522,28,0.00302485125
522,30,0.0013572987499999999
522,31,0.047205949999999997
522,32,0.05253750375
522,33,0.03075565
522,35,0.005632337499999999
522,36,0.01239433625
522,37,0.0029150137499999998
522,38,0.028986823749999998
522,43,0.01993776
522,45,0.6582655912500001
522,46,2.1776591274999997
522,47,28.41992821583333
522,52,0.005473526249999999
522,55,0.00015177375
522,56,1.16380271375
522,58,0.0034887324999999998
522,62,0.010328861250000002
522,63,0.009134812499999999
522,64,0.01713389875
522,69,0.00231695125
522,73,0.00024022374999999998
522,74,0.006770502499999999
522,77,0.02676272375
522,79,0.00001604625
522,82,0.03207146875
522,84,0.008047213749999999
522,85,0.0019028937500000002
522,86,0.01876613
522,90,0.00536041125
522,92,0.027342863749999998
522,95,0.09744799375
522,96,0.01038830875
523,8,0.0008933975
523,22,0.00368873125
523,23,0.00097910625
523,32,0.00498455125
523,42,0.00346574375
523,45,0.00887036125
523,46,0.03960371125
523,47,0.09082777125
523,49,0.0178221225
523,50,0.00165585375
523,51,0.0071333125
523,52,0.01984617625
523,55,0.0060554375
523,56,0.01848895375
523,59,0.00359267625
523,61,0.00197304375
523,64,0.0854643425
523,65,0.00150559625
523,77,0.00318949625
523,79,0.00521551
523,80,0.000626335
523,82,0.017857625
523,84,0.006280413749999999
523,86,0.02086698375
523,90,0.00428835375
523,92,0.0002270925
523,93,0.005359771249999999
523,94,0.004628815
524,1,0.01562623125
524,2,0.0007638312500000001
524,5,0.0025833612499999996
524,10,0.01762986375
524,11,0.02025322125
524,13,0.0028522749999999996
524,14,0.00177604125
524,16,0.00347435125
524,18,0.0047935124999999995
524,19,0.00786852125
524,20,0.01040339
524,21,0.0032542575
524,22,0.0051187987499999995
524,27,0.01634354375
524,32,0.01271742625
524,35,0.007226048749999999
524,36,0.008530692500000001
524,38,0.03179450125
524,43,0.0015726474999999999
524,45,0.0889277825
524,46,0.5387290849999999
524,47,1.84668207
524,49,0.00107085125
524,52,0.0056741149999999995
524,53,0.10462291874999999
524,56,0.15424937625
524,58,0.00189408
524,61,0.00796382125
524,62,0.00780314875
524,63,0.0099043625
524,64,0.05935710375
524,65,0.00381515625
524,68,0.00890963125
524,70,0.00431620625
524,74,0.003620925
524,77,0.0020395375
524,82,0.06555998875
524,84,0.00118912875
524,85,0.0013715475
524,92,0.03405736875
524,95,0.0031541424999999997
524,96,0.001017015
531,1,0.01102110875
531,55,0.01954093125
531,84,0.01629240625
531,85,0.39005317375
531,86,0.03957221375
531,87,0.011931206249999998
531,88,0.1182133475
531,96,0.0275051425
531,97,0.06698441
532,13,0.00024938875
532,36,0.0032400999999999997
532,80,0.0030592587499999996
532,84,0.02205245375
532,86,0.2205745175
532,87,0.028799885
532,88,0.0069001625
532,96,0.00854034375
532,97,0.014641864999999999
541,1,0.05695476875
541,2,0.016432485
541,5,0.00778128125
541,7,0.013273491249999998
541,8,0.006779878749999999
541,9,0.00310570375
541,10,0.08860132374999999
541,11,0.00155847625
541,12,0.0021156149999999995
541,13,0.04356899375
541,14,0.03317000625
541,15,0.0107545875
541,16,0.0016397425
541,17,0.01151049
541,18,0.003707795
541,19,0.0114277625
541,20,0.021674378749999997
541,21,0.04265390875
541,22,0.00792389875
541,23,0.04973890375
541,24,0.038687525
541,25,0.017614572499999998
541,26,0.0028366462500000003
541,27,0.062159272499999994
541,28,0.01350746875
541,29,0.008420067500000001
541,30,0.00395381625
541,32,0.011569403749999999
541,35,0.092800465
541,36,0.00927543625
541,41,0.02839902
541,42,0.006196548749999999
541,43,0.0034730299999999998
541,45,0.02541202125
541,46,0.014187905
541,47,0.07305083624999999
541,49,0.07560254749999999
541,50,0.00203786875
541,51,0.0057642050000000005
541,52,0.05428360875
541,53,0.006719316249999999
541,55,0.0370320375
541,56,0.0159716725
541,61,0.01566717
541,62,0.07981467874999999
541,63,0.00038641375
541,64,0.133944915
541,68,0.00353213125
541,70,0.0011104437499999998
541,72,0.00315764375
541,74,0.01985948
541,75,0.000033889999999999996
541,77,0.00093614125
541,78,0.0622452975
541,79,0.0018221137499999998
541,80,0.88893971125
541,81,0.0033974274999999995
541,82,0.021120704999999997
541,84,1.8686697862500001
541,85,0.20311339250000002
541,86,0.1129807625
541,87,0.009732112499999999
541,88,0.00539714375
541,90,0.00989824125
541,91,0.0008682475
541,93,0.0053526962499999995
541,94,0.05160550875
541,96,0.0072343325
541,97,0.40707347875
611,1,106.4866757875
611,2,0.038443395
611,3,0.00288053125
611,7,0.00191524625
611,10,0.021540638749999997
611,11,0.014006575
611,13,0.00456942875
611,19,0.00119532125
611,20,0.0051249024999999995
611,24,0.00474543375
611,25,0.00432886625
611,26,0.0185562525
611,27,0.010500980000000002
611,28,0.0038483212500000003
611,29,0.0040420412499999996
611,35,0.00982947125
611,41,0.057232584999999996
611,42,0.0191946725
611,47,0.0054771099999999994
611,52,0.010696795
611,55,0.0077547300000000005
611,56,0.00162486
611,61,0.00316374375
611,68,0.0007933875000000001
611,81,0.009243305
611,84,0.01706033375
611,85,0.054495855
611,86,0.00008543
611,87,0.0020488775
611,88,0.0032458225
611,91,0.00099996125
611,93,0.01778567375
611,94,0.0015281275
611,95,0.0011566749999999998
611,96,0.0017054437499999999
611,97,0.05673342125
612,1,21.315096240833334
612,3,0.005882975
612,10,0.00961510875
612,46,0.025435592499999996
612,47,0.0001099575
612,94,0.005585918749999999
612,97,0.006720584999999999
613,1,16.90069789958333
613,2,0.000110835
613,10,0.0103177225
613,28,0.00582261
613,29,0.00743913125
613,41,0.0067433612500000005
613,46,0.00458900625
613,49,0.0005520275
613,96,0.0009111
621,1,0.16137104375
621,2,0.54951247375
621,3,0.0025605575
621,16,0.029318663749999998
621,21,0.00139971125
621,46,0.0042337875
621,78,0.000040935
621,84,0.02720803125
622,1,0.010414145
622,3,1.0367145062499998
622,10,0.00904021625
622,13,0.00505399125
622,33,0.0012955075000000002
622,41,0.0021882275
622,47,0.01930354125
622,84,0.00017236
631,1,8.23847161
631,14,0.007929862499999999
631,41,0.0033859275
632,1,0.95053415375
632,46,0.00180759875
633,1,1.1700537
634,1,0.00196257
634,2,0.28994479375
634,3,0.09719477874999999
711,1,0.0005724887499999999
711,8,0.006698875
711,16,0.4191247825
711,23,0.190071475
711,24,0.00488628625
711,25,0.0924794125
711,28,0.0013764075
711,31,1.2407550575000001
711,32,0.0043673474999999995
711,33,0.0004052225
711,35,0.00004703374999999999
711,41,6.9397311649999995
711,42,0.025126073750000002
711,43,0.4246065875
711,45,0.0057495875
711,46,0.00181739875
711,47,0.00401222125
711,56,0.00589877
711,77,0.0037153975
711,81,0.0017664175
711,84,0.00017790625
711,85,0.003399765
711,86,0.0006761225
711,90,0.0043866925
711,95,0.02481157875
712,1,0.000627975
712,10,0.0069240149999999995
712,13,0.013772366250000001
712,16,0.03770424375
712,17,0.00275586125
712,20,0.0033148099999999996
712,22,0.005332805
712,23,0.00865543375
712,24,0.0253162825
712,25,0.014079626250000001
712,27,0.00054024125
712,28,0.0020657175
712,29,0.0011333712499999999
712,31,0.0509990825
712,33,0.046827577499999995
712,35,0.00377271875
712,36,0.02638938375
712,37,0.00333078125
712,41,2.28691139375
712,42,0.01540981
712,43,1.046689835
712,45,0.000407415
712,47,0.00112853
712,52,0.002779935
712,74,0.005026190000000001
712,84,0.0075655725
712,85,0.0028067024999999996
712,86,0.0054045375
712,90,0.0018737225
712,95,0.01231915125
713,1,0.004106292499999999
713,10,0.002579825
713,13,0.00237095
713,16,0.00116356625
713,17,0.00025500874999999997
713,18,0.0022829625
713,22,0.00033706875000000003
713,23,0.0140187025
713,24,0.01314387125
713,25,0.0314810975
713,27,0.00294504375
713,28,0.019410996250000003
713,29,0.013255275
713,30,0.0028898574999999998
713,31,0.04101972375
713,32,0.00857746
713,33,0.00260286875
713,35,0.000285885
713,36,0.00457992375
713,41,0.88092419375
713,42,0.00417377125
713,43,2.6032170212500003
713,45,0.07089142125
713,55,0.0025842524999999997
713,64,0.004616359999999999
713,68,0.00128652
713,74,0.00602728
713,77,0.00051038125
713,78,0.01050529375
713,81,0.009939802499999999
713,84,0.00023355374999999996
713,85,0.0014148625
713,86,0.00201106
713,90,0.09691073875
713,95,0.005099945
713,97,0.0014714775
721,1,0.0133649225
721,5,0.00309685875
721,6,0.00041434750000000003
721,7,0.00206493875
721,10,0.032352965
721,16,0.0020497375
721,18,0.0016707225
721,19,0.0056220275
721,20,0.00661934625
721,21,0.01045448875
721,22,0.01467459875
721,23,0.009976694999999999
721,24,0.25625917
721,25,1.2222531374999999
721,26,0.005764005
721,27,0.05400977125
721,28,0.06126501249999999
721,29,0.04939780375
721,30,0.01564192625
721,31,0.02183900125
721,32,0.0017301937500000001
721,33,0.2106010125
721,35,0.031115606249999997
721,36,0.002335525
721,38,0.0009706312499999999
721,41,0.06930204499999999
721,42,0.01519715625
721,43,0.07956956
721,45,0.02464289125
721,46,0.010044712499999999
721,47,0.012079222499999999
721,49,0.00886958
721,50,0.0041219125
721,61,0.05470326125
721,77,0.0004283575
721,84,0.0014139762499999998
721,85,0.0015352699999999998
721,95,0.05469804125
722,5,0.000432975
722,10,0.0019715649999999998
722,13,0.0068936125
722,14,0.00556342875
722,15,0.0011524425
722,16,0.03540952375
722,20,0.02529749625
722,21,0.0009495524999999999
722,23,0.00421471125
722,24,0.07981375
722,25,0.3764207825
722,26,0.00232588
722,27,0.01544576875
722,28,0.1452159325
722,29,0.024052571249999998
722,30,0.004713385
722,31,0.0346747875
722,32,0.019696333749999996
722,33,0.052613669999999994
722,41,0.00245551
722,42,0.00875629125
722,43,0.0047280175
722,49,0.01767483375
722,78,0.00159474375
722,84,0.001959865
722,95,0.00955976
723,1,0.0008149162499999999
723,2,0.00014510625000000002
723,5,0.01295319375
723,10,0.023114395
723,11,0.0091470225
723,13,0.03303857375
723,14,0.00809455875
723,15,0.0017980875
723,16,0.0040714825
723,17,0.00042546624999999997
723,18,0.0026981862500000003
723,19,0.0061046975
723,20,0.02621319375
723,21,0.05180836625
723,22,0.03582903
723,23,0.02072395375
723,24,0.0560788375
723,25,0.080778005
723,26,0.024449232499999998
723,27,0.034242946249999996
723,28,0.10290786125
723,29,0.2190458625
723,30,0.0742788425
723,32,0.004921305
723,33,0.40938191375
723,35,0.043936906250000005
723,36,0.012630925
723,42,0.01154389625
723,43,0.020118248749999998
723,45,2.67641233
723,46,0.0067761575
723,47,0.00042338875
723,49,0.09566440749999999
723,50,0.00250697
723,56,0.00166243125
723,61,0.00173212625
723,62,0.0015745062500000001
723,64,0.0081338475
723,71,0.00520459
723,74,0.00774260625
723,77,0.00030902625
723,78,0.00205914125
723,79,0.0020083512499999997
723,80,0.00034677125
723,84,0.029685543749999998
723,85,0.0014713612499999999
723,86,0.0018385512500000002
723,93,0.00124117375
723,95,0.7645664825
723,96,0.0060674125
731,1,0.00024906375
731,8,0.03950234749999999
731,10,0.01775229
731,11,0.0026171975
731,12,0.023680003749999998
731,13,1.4683007562500001
731,14,0.1761948975
731,15,0.04486139125
731,16,0.568831205
731,17,0.0362581075
731,20,0.00804602875
731,22,0.032639052499999995
731,23,0.67998605375
731,24,0.00348159375
731,25,0.03979458375
731,27,0.0003299075
731,31,0.07717168875
731,32,1.5503835962499999
731,33,0.003666975
731,38,0.00958766875
731,41,0.00073124
731,43,0.023209651249999998
731,46,0.00443426
731,47,0.02012911375
731,49,0.0014120712499999999
731,56,0.0007699087500000001
731,59,0.00174594125
731,71,0.011054482499999999
731,74,0.01641316
731,77,0.024319551249999998
731,90,0.0417146125
731,95,0.12261790874999999
732,13,0.031175404999999996
732,14,0.0082139425
732,17,0.005572044999999999
732,18,0.26439328375
732,22,0.0023194724999999997
732,23,0.00658747
732,28,0.0015951062499999999
732,32,0.00148598875
732,45,0.00022388499999999997
732,58,0.005772097499999999
732,59,0.00123760625
732,63,0.00054059
732,64,0.0027760062499999996
732,73,0.00353721
732,74,0.033525232499999995
732,82,0.07326813125000001
732,84,0.0024904525000000004
732,86,0.003346075
732,95,0.00735878375
741,5,0.0168053925
741,6,0.0053823625
741,8,0.00295620625
741,10,0.03209842875
741,11,0.000797655
741,12,0.005000065000000001
741,13,0.00022549125
741,14,0.02300954
741,15,0.00107314625
741,17,0.002976165
741,18,0.0011191649999999999
741,19,0.0057094575
741,20,0.014498397499999998
741,21,0.03030346375
741,22,0.001544165
741,23,0.02217325875
741,24,0.03835918125
741,25,0.00369992125
741,26,0.02656909875
741,27,0.1047916725
741,28,0.02170499625
741,29,0.019624330000000002
741,30,0.01053820625
741,32,0.01441811625
741,33,0.66537952625
741,35,0.41287046624999996
741,36,0.0028209012499999997
741,41,0.11155808999999998
741,42,0.012225288749999999
741,43,1.39494304125
741,45,0.01729450125
741,46,0.01394709125
741,47,0.01905921625
741,49,0.0099178
741,50,0.00129338125
741,52,0.017322215
741,55,0.00701097875
741,56,0.005856422500000001
741,60,0.00127149375
741,61,0.00623406625
741,62,0.00681620875
741,68,0.00285456
741,74,0.00642582625
741,77,0.0341364925
741,78,0.005745015
741,80,0.0091100525
741,81,0.00015275749999999998
741,82,0.0011901425
741,84,0.06636737
741,85,0.0075818349999999994
741,86,0.00714856875
741,90,0.00546593125
741,95,0.32101080375
742,13,0.005915352499999999
742,16,0.0020784637499999996
742,20,0.011688889999999999
742,23,0.0043242375
742,24,0.0008726574999999999
742,25,0.00021461125
742,26,0.014760976249999998
742,27,0.023390728750000003
742,30,0.00200533625
742,33,0.03255146
742,35,0.00826168625
742,41,0.00132743875
742,43,0.098587655
742,46,0.00232534875
742,47,0.02441826125
742,52,0.00377404125
742,59,0.008220729999999999
742,60,0.0028249900000000003
742,61,0.1213341775
742,62,0.01089395875
742,74,0.00212336625
742,77,0.0023784787500000003
742,80,0.001186615
742,84,0.00009218
742,86,0.00124072
742,93,0.0006011487500000001
742,95,0.5189481425
751,1,0.013597842499999999
751,10,1.42107817625
751,11,0.03275489125
751,12,2.541863855
751,14,0.00030960875
751,23,0.0024052825
751,28,0.00136579125
751,35,0.00156642625
751,41,0.018671298750000002
751,46,0.03761253875
751,47,0.12348732125
751,52,0.019497537500000002
751,55,0.005292830000000001
751,56,0.6830748
751,82,0.01712342875
751,85,0.014899662499999997
752,2,0.029182596249999998
752,16,0.3182495225
752,17,0.056698645
752,20,0.0016858012499999999
752,23,0.0002751425
752,25,0.0023985350000000003
752,28,0.003066945
752,29,0.00040875499999999996
752,30,0.0059765025000000005
752,31,0.7815766987499999
752,41,0.0024996125
752,43,0.03201784625
752,45,0.002223855
752,46,0.0029442825
752,47,0.00968116
752,74,0.00086511125
752,95,0.0289469375
753,1,0.024705907499999995
753,10,0.0043116612499999995
753,12,0.002626625
753,13,1.1785508654166668
753,14,8.97409141
753,15,0.30079943875000004
753,22,0.01090069625
753,24,0.00143121
753,28,0.005660347499999999
753,29,0.0025880625
753,30,0.007136005
753,31,0.02209806625
753,32,0.01933840625
753,43,0.00012106
753,45,0.004637305
753,46,0.0041840175
753,47,0.06832547125
753,59,0.00401609125
753,74,0.01544091125
753,77,0.0058366074999999995
753,84,0.00031314375
753,95,0.17939383874999998
753,96,0.01614454
754,6,0.00218126375
754,10,0.011643698749999999
754,13,0.03778591
754,14,0.07644945375
754,15,0.00603882625
754,16,0.00991561
754,17,0.00620390375
754,20,0.018967400000000002
754,21,0.00908361125
754,23,0.00237185
754,24,0.0018809525
754,25,0.008101124999999999
754,26,0.014651013749999999
754,27,0.0003454825
754,28,0.0022585075
754,29,0.0032227975
754,30,0.00249066125
754,31,0.00027301875
754,32,0.000283525
754,45,0.00467446375
754,46,0.005022851249999999
754,47,0.0008099625
754,50,0.00002079625
754,51,0.00047121500000000003
754,74,0.0019215725
754,77,0.00827185
754,79,0.00014510625000000002
754,81,0.0090694225
754,90,0.00010305625
754,95,0.053285573749999995
754,96,0.0010743312499999999
811,5,0.035340215
811,6,0.0017763187499999999
811,7,0.007484942499999999
811,8,0.06595148375
811,9,0.0014103124999999999
811,10,0.0005268987500000001
811,13,0.00197483375
811,21,0.0006343125
811,23,0.07467574
811,24,0.003982375
811,25,0.0048318675
811,32,0.0028249900000000003
811,33,0.00176710875
811,35,0.000527775
811,36,0.00106562
811,41,0.0147700925
811,42,0.027566588750000003
811,43,0.0118790025
811,46,0.0021117249999999996
811,71,0.0100765375
811,78,0.00847247125
811,84,0.023191905
811,94,0.0029910725
812,5,0.0070050925
812,7,0.0039146125
812,16,0.0027128625
812,19,0.00044946875
812,22,0.00134015875
812,23,0.0219831575
812,24,0.14067390624999998
812,25,0.172452975
812,26,0.005151391250000001
812,27,0.02497082125
812,28,0.08935280500000001
812,29,0.1810648275
812,30,0.0062399824999999996
812,31,0.00080400875
812,32,0.007616428749999999
812,36,0.002579825
812,84,0.00232744125
813,6,0.0010840275
813,8,0.00179921375
813,10,0.00061566125
813,11,0.0013120949999999999
813,17,0.0019555512499999997
813,18,0.00991572
813,19,0.008157521249999999
813,20,0.130600955
813,21,0.038106326249999996
813,22,0.0014268475
813,23,0.010925501249999999
813,24,0.017661135
813,27,0.004220065
813,28,0.00424807125
813,29,0.0012812637499999998
813,32,0.00730384625
813,33,0.00075217625
813,35,0.00012743999999999999
813,36,0.0026546762499999998
813,43,0.0025211875
813,52,0.0011722512499999999
813,59,0.00027162249999999996
813,74,0.08479120124999999
813,82,0.00137599
813,84,0.005481923750000001
813,85,0.00431709625
813,86,0.0159331325
814,13,0.00175305125
814,14,0.001560835
814,15,0.006042521249999999
814,17,0.16678713375
814,18,0.017009965
814,20,0.023624904999999998
814,21,0.008098900000000001
814,22,0.25762121875
814,23,0.00405117
814,24,0.009327266249999999
814,25,0.00384735125
814,26,0.004479465
814,27,0.030043676249999998
814,28,0.00582685375
814,29,0.015289655
814,30,0.036675275
814,31,0.00235905
814,32,0.029206616249999998
814,38,0.00111283375
814,41,0.0036352875
814,45,0.013933129999999998
814,47,0.003372805
814,82,0.0051121525
814,84,0.00313276125
814,95,0.0018519687499999999
815,8,0.016083868749999997
815,10,0.00058831625
815,13,1.18111540125
815,14,0.390332745
815,15,0.22095539250000001
815,16,0.00131452875
815,18,0.00595918
815,21,0.00161893
815,22,0.000581755
815,24,0.00230579875
815,25,0.02114644125
815,27,0.004220065
815,28,0.01006693625
815,29,0.0002244925
815,31,0.0030648974999999998
815,32,0.025415548749999996
815,46,0.00338268625
815,81,0.00036382749999999995
815,84,0.00029547875
815,95,0.014793355000000001
815,96,0.0857230975
816,1,0.00964971375
816,10,0.633022715
816,11,0.00723134875
816,12,0.001351535
816,20,0.003125405
816,24,0.00234363375
816,29,0.00055848375
816,45,0.001067885
816,46,0.0154515275
816,56,0.34373951124999996
816,84,0.00040976624999999997
816,85,0.00027793
817,16,0.0909831425
817,17,0.0010096112500000002
817,18,0.000162815
817,28,0.00170771625
817,31,0.020582955
817,46,0.005987895
818,10,0.0454402725
818,11,0.0018460662499999998
818,13,0.038845741249999996
818,14,0.00151055375
818,16,0.0020526675
818,17,0.01117850875
818,18,0.013222219999999998
818,19,0.001316345
818,21,0.0037243249999999997
818,22,0.00846500625
818,23,0.11912791874999999
818,24,0.08120546125
818,25,0.03021908375
818,27,0.05934395125
818,28,0.018044576249999996
818,29,0.03877665375
818,30,0.0012426237499999998
818,31,0.00211763875
818,32,0.29743869375
818,33,0.00367238
818,35,0.01894145875
818,36,0.012621935
818,41,0.00403293875
818,43,0.0024800762499999998
818,46,0.00440573
818,47,0.021119676249999997
818,52,0.0017265524999999999
818,74,0.00028963625
818,82,0.00164483
818,84,0.019607285
818,94,0.0017652512499999999
821,9,0.00032394125
821,13,0.00091507625
821,14,0.00041143375
821,16,0.00288913375
821,20,0.01000972875
821,21,0.00189212375
821,22,0.005045508749999999
821,23,0.00035179125
821,24,0.005222989999999999
821,25,0.0502263875
821,26,0.0668867425
821,27,0.05550600625
821,28,0.0173007
821,29,0.05644815375
821,30,0.01674759125
821,31,0.00647394
821,32,0.00096315375
821,33,0.009113937499999999
821,35,0.02676440125
821,38,0.0019141574999999998
821,41,0.00189395125
821,42,0.007746555
821,43,0.0040609775
821,45,0.008212272500000001
821,46,0.0009664474999999999
821,47,0.0023345275
821,49,0.0041711975
821,50,0.00122328375
821,61,0.00007248
821,74,0.00051274375
821,77,0.013188833750000002
821,84,0.0001408475
821,90,0.0035067724999999998
821,95,0.0095234075
831,1,0.00334576625
831,5,0.00094308875
831,8,0.00132326375
831,23,0.00760923375
831,30,0.01605542
831,35,0.0013232674999999999
831,41,0.00311757125
831,42,0.0043077062499999996
831,43,0.02253662375
831,49,0.14191080374999998
831,50,0.02424776125
831,52,0.020940254999999998
831,84,0.004349225
832,1,0.07567899375
832,6,0.0007095449999999999
832,7,0.00147173625
832,8,0.0063710725
832,10,0.0520230675
832,11,0.01814697375
832,13,0.01628398875
832,14,0.025381807500000002
832,16,0.0024793512499999997
832,17,0.00385821
832,18,0.0028458012499999997
832,19,0.02081194
832,20,0.006916795
832,21,0.00887393375
832,22,0.0021615799999999998
832,23,0.02103772625
832,24,0.0054561112499999995
832,25,0.00072119875
832,26,0.0025819075
832,27,0.02905490375
832,28,0.00098941375
832,29,0.0048415225
832,30,0.008443248749999998
832,31,0.002887025
832,32,0.0009710874999999999
832,35,0.0326464225
832,36,0.04214025375
832,37,0.0009558075
832,38,0.00633561
832,41,0.016074647499999997
832,42,0.00805643875
832,43,0.0028572675
832,45,0.02044225375
832,46,0.10816934875
832,47,0.1089558625
832,49,12.5293717625
832,51,0.0031354675
832,52,0.1108617
832,53,0.10178532
832,55,0.00014204875000000002
832,56,0.042033326249999996
832,58,0.001278825
832,59,0.00896019125
832,61,0.00590784
832,62,0.0443857175
832,63,0.007304272499999999
832,64,0.026266951249999997
832,66,0.0010369975
832,69,0.00145571
832,77,0.027796873749999996
832,79,0.053822237499999995
832,80,0.0004099675
832,81,0.0014844475
832,82,0.0158274125
832,84,0.14436304125
832,85,0.188567565
832,86,0.10189542625
832,94,0.00092767875
832,95,0.00018214125
832,96,0.00228851125
832,97,0.79077917875
833,1,0.12599289624999999
833,2,0.00212842
833,3,0.00029869
833,5,0.0086661975
833,7,0.0011603924999999998
833,8,0.07078318
833,10,0.031454525
833,11,0.0035497937499999995
833,13,0.0019959775
833,14,0.00366244625
833,15,0.00237051
833,16,0.0029356125
833,17,0.00426302875
833,18,0.00835591625
833,19,0.0043041975
833,20,0.01099641875
833,21,0.00123064125
833,22,0.00481872875
833,23,0.08484431875000001
833,24,0.0262176425
833,25,0.01518286
833,27,0.0009986662500000001
833,28,0.0140581075
833,29,0.00658469625
833,31,0.00707323
833,32,0.001131465
833,33,0.0009840799999999998
833,35,0.0077574525
833,36,0.009228845000000001
833,38,0.0067312275
833,41,0.06431155375
833,42,0.04194621
833,43,0.025799091249999996
833,45,0.0019860812499999997
833,46,0.08878306
833,47,0.011546055
833,49,3.9935303925
833,50,0.0043592025
833,52,0.11304044875000001
833,53,0.006268005
833,56,0.0098615775
833,77,0.012403649999999999
833,79,0.0011300837499999999
833,84,0.032246635
833,85,0.197595725
833,86,0.00239738875
833,96,0.005114852499999999
833,97,0.013197256249999999
834,1,0.31087017875
834,5,0.006618717499999999
834,6,0.00239839
834,8,0.03187994
834,10,0.012667597499999999
834,14,0.000281985
834,20,0.0016267162500000001
834,23,0.01129266125
834,24,0.01857561625
834,25,0.0035696987499999997
834,26,0.00016212249999999998
834,27,0.0012149137499999998
834,28,0.001861805
834,29,0.00016108125000000002
834,35,0.00712528625
834,36,0.00360897625
834,38,0.0031081349999999997
834,41,0.04007204625
834,42,0.03945665125
834,43,0.1564129475
834,46,0.020903889999999998
834,47,0.0264287125
834,49,0.26991141
834,52,0.010716914999999999
834,61,0.015781701250000002
834,77,0.056226046249999995
834,79,0.0005461725
834,84,0.002138905
834,86,0.0029022574999999994
834,96,0.0031519775
834,97,0.0015669587499999998
835,2,0.00068775625
835,50,0.058325353749999996
835,52,0.00367632625
835,79,0.00020016499999999998
835,84,0.0014379537499999999
911,1,0.04934789125
911,3,0.0047225725
911,8,0.001463175
911,10,0.0618810625
911,11,0.013603556250000001
911,13,0.05464381375
911,14,0.015553649999999999
911,15,0.001449055
911,16,0.07766730250000001
911,17,0.03107645375
911,18,0.007170858749999999
911,19,0.000927745
911,20,0.053910485
911,21,0.0440910325
911,22,0.0353751
911,23,0.025063419999999996
911,24,0.0137133775
911,25,0.01724857375
911,26,0.003190125
911,27,0.00104854
911,28,0.02186049375
911,29,0.017299033749999998
911,30,0.00833246375
911,31,0.00053600625
911,32,0.0024690475
911,33,0.002141595
911,35,0.022788645
911,36,0.005956708749999999
911,37,0.00408552125
911,38,0.017830783750000002
911,41,0.007984925
911,42,0.0068264275
911,43,0.0101196625
911,45,0.0253199425
911,46,0.0667782875
911,47,0.12513979749999998
911,49,0.051846686249999996
911,51,0.025738698749999997
911,52,0.03800709375
911,53,0.00435885375
911,55,0.12558019125
911,56,0.48579666250000003
911,58,0.00176076375
911,59,0.0023616212500000002
911,61,0.00404868
911,62,0.0181891325
911,63,0.00522224375
911,64,0.04729025
911,65,0.004766186249999999
911,66,0.00264132875
911,68,0.029147286249999994
911,69,0.0028244187499999996
911,70,0.0006510725
911,74,0.0043241550000000005
911,75,0.00821061125
911,77,0.01044281375
911,78,0.026960645
911,79,0.0047535337499999995
911,80,0.01195088875
911,81,0.11539409
911,82,0.041918395000000004
911,84,0.29750206749999997
911,85,0.338098625
911,86,0.45279684374999996
911,87,0.01066868875
911,88,0.02995341125
911,90,0.006778869999999999
911,91,0.00345669
911,93,0.01254021875
911,94,0.1197847275
911,95,0.01762691375
911,96,0.5066313275
911,97,3.63143994125
912,1,0.006886659999999999
912,5,0.00642078375
912,14,0.0037379037500000004
912,26,0.00172643125
912,28,0.00804136875
912,29,0.0006435049999999999
912,36,0.0008937899999999999
912,38,0.0036615925
912,42,0.00189853375
912,45,0.07325705749999999
912,49,0.0436493
912,55,0.0019699525
912,75,0.0008607799999999999
912,81,0.01702375125
912,84,0.026727084999999998
912,85,0.0023038525
912,86,0.00587125
912,87,0.00029225625
912,95,0.00471586
912,96,0.5413594599999999
912,97,0.0180899775
921,1,37.01310942875
921,2,0.10975250875
921,3,0.29907279625
921,8,0.00361094
921,10,0.0196829575
921,11,0.000418835
921,13,0.00399318875
921,16,0.010940278749999999
921,20,0.0007955125
921,30,0.00593714875
921,31,0.0006424250000000001
921,32,0.0047818875
921,41,0.0131655575
921,42,0.0067721100000000005
921,46,0.02008784375
921,47,0.0042463275
921,50,0.0015566649999999998
921,56,0.0027289799999999998
921,70,0.0017195887499999998
921,81,0.02975910375
921,84,0.00950400625
921,85,0.00257269
921,91,0.00026832
921,97,0.00352107875
931,1,0.08785951125
931,2,0.0013736337499999998
931,5,0.109950585
931,6,0.00047046125
931,7,0.04082472625
931,8,0.225962625
931,9,0.024330478750000002
931,10,0.004515148749999999
931,13,0.021808075
931,16,0.028918392499999997
931,17,0.044828685
931,19,0.00585974625
931,20,0.0032927449999999997
931,21,0.011019214999999999
931,22,0.01959684
931,23,0.24079653874999998
931,24,0.041279865000000006
931,25,0.00070563
931,27,0.0061994975
931,30,0.00117305875
931,31,0.0035247087499999997
931,32,0.0042118024999999995
931,33,0.00420154375
931,35,0.00933184875
931,36,0.0008882600000000001
931,41,37.445585613750005
931,42,1.7422390912499999
931,43,0.5932427075
931,46,0.0241553675
931,47,0.00418518375
931,49,0.030304678749999998
931,52,0.014442710000000001
931,74,0.012135957499999999
931,77,0.08669907125000001
931,78,0.00177636
931,81,0.005522286249999999
931,84,0.01467499375
931,86,0.00493221875
931,90,0.00884547625
931,94,0.0012321675
931,95,0.00372998125
931,97,0.0076890575
932,1,0.024284303750000003
932,2,0.0041918925
932,3,0.0030876175
932,7,0.00241641125
932,8,0.0220641025
932,10,0.94100693625
932,11,0.0610915675
932,12,0.08906714875
932,13,0.61587579125
932,14,0.25403672875
932,15,0.20817893375
932,16,0.23500099624999998
932,17,0.26600417
932,18,0.022441615
932,19,0.027767715
932,20,0.4884595425
932,21,0.343870755
932,22,0.3179799825
932,23,1.3240726137499998
932,24,0.538451385
932,25,0.5709630075000001
932,26,0.08483379375
932,27,0.31344260249999994
932,28,0.18582107
932,29,0.2186048075
932,30,0.088985075
932,31,0.28864722875
932,32,0.45802710625
932,33,0.0062522624999999995
932,35,0.01531955125
932,36,0.000089225
932,38,0.030182382499999997
932,41,0.06781605375000001
932,42,0.01467775375
932,43,0.03788331375
932,45,0.001786275
932,46,0.0858276425
932,47,0.019839241249999997
932,52,0.0536763
932,53,0.0012205975
932,56,0.004655407499999999
932,59,0.001484025
932,74,0.005598595
932,77,0.016476171249999998
932,78,0.0053071412499999995
932,81,0.0007467
932,82,0.0619187275
932,84,0.00572992375
932,85,0.00124945
932,90,0.00214552875
932,95,0.00244248125
933,1,0.0214725625
933,2,0.051723385
933,3,0.0416213225
933,5,0.00344981125
933,7,0.0005168125
933,8,0.0057142025
933,10,0.28269334
933,11,0.002879025
933,13,0.018068897499999997
933,14,0.01269823875
933,15,0.01554034125
933,16,0.0423715775
933,17,0.026795689999999997
933,18,0.004168481250000001
933,19,0.011499069999999998
933,20,0.032103269999999996
933,21,0.00597672
933,22,0.011829573749999999
933,23,0.105580895
933,24,0.02776691875
933,25,0.03956186875
933,26,0.0013788875
933,27,0.00396994
933,28,0.00040442124999999995
933,29,0.0057427187499999996
933,30,0.00170874375
933,31,0.017385868750000002
933,32,0.0278120475
933,33,0.00097505
933,35,0.03061214375
933,36,0.0032609974999999996
933,37,0.00256717875
933,38,0.029366395
933,41,0.025315191249999997
933,42,0.013421540000000001
933,43,0.00458317125
933,45,0.008869641250000001
933,46,1.35001287375
933,47,0.28605936499999995
933,49,1.27731812125
933,50,0.00669534
933,51,0.00459514375
933,52,0.56444064625
933,53,0.002729755
933,56,0.0028874412499999996
933,64,0.00162266875
933,73,0.0020456062499999996
933,77,0.08231044874999999
933,78,0.006121017500000001
933,82,0.00520953375
933,84,0.00742106375
933,85,0.00025051375
933,90,0.0019502175
933,94,0.0083572275
933,96,0.04231256375
941,10,0.051179105
941,28,0.00001699625
941,47,0.0134403625
941,55,0.01085983875
941,56,0.3654187075
941,84,0.000381505
941,85,0.02050327875
941,87,0.00038536875
941,96,0.0011581737499999998
941,97,0.00157354375
951,38,0.00693125125
951,42,0.0000760325
951,43,0.000012405
951,45,0.0004217875
951,46,0.00940571625
951,47,0.051314275
951,49,0.0049390375
951,53,0.003892715
951,56,0.02066841125
951,81,0.000011645
951,84,0.00422819125
951,94,0.00071808625
951,96,0.0040805625
952,10,0.0036760325000000003
952,16,0.01198076
952,20,0.0022919299999999997
952,38,0.02731387125
952,46,0.0981963575
952,47,1.09959119625
952,49,0.00102373625
952,56,0.0882516575
952,92,0.008372511249999999
952,95,0.00234182875
952,96,0.0012180812499999998
961,1,0.00556056875
961,5,0.00076172875
961,10,0.015448639999999998
961,13,0.0068272312499999994
961,14,0.01460440875
961,15,0.00094726375
961,16,0.00014165249999999999
961,17,0.00172611625
961,19,0.01142781375
961,20,0.0068879375
961,21,0.0012550912500000001
961,22,0.010293817499999998
961,23,0.00068386125
961,25,0.00210288375
961,27,0.022438424999999998
961,28,0.00042551875
961,35,0.010456243749999998
961,37,0.040828569999999995
961,38,0.49293212125
961,39,0.0093275675
961,41,0.00603489625
961,42,0.00536271125
961,45,0.00720475875
961,46,0.0682807375
961,47,0.03276425375
961,49,0.009830441249999999
961,52,0.0083324875
961,53,0.000252885
961,55,0.02232996625
961,56,0.01840223375
961,59,0.00945279
961,61,0.000432025
961,62,0.00328716
961,64,0.04730941874999999
961,66,0.0017614187499999999
961,68,0.00039013625
961,70,0.00025108625
961,74,0.005364315000000001
961,77,0.013559373750000001
961,78,0.08237593249999998
961,81,0.15960864249999998
961,82,0.00208598
961,84,0.55001361875
961,85,0.11681046
961,86,0.07342283749999999
961,88,0.00996572625
961,93,0.000129
961,94,0.0165154
961,96,0.01962722
961,97,0.03981783125
962,1,0.00774237
962,2,0.00175908875
962,10,0.0027986962499999997
962,11,0.0217543875
962,12,0.0027818025
962,13,0.02159428875
962,14,0.00319143625
962,16,0.00002332
962,17,0.021876415
962,22,0.0009242549999999999
962,23,0.01944234
962,25,0.003807475
962,26,0.008049849999999999
962,27,0.0016810949999999999
962,28,0.01185335125
962,29,0.01589468625
962,32,0.0024535325
962,35,0.0505702575
962,36,0.02166029
962,37,0.00105267875
962,38,0.026121
962,41,0.0029320525000000003
962,42,0.015880303749999998
962,43,0.0055332875
962,45,0.0015587425
962,46,0.04045018625
962,47,0.018451634999999997
962,49,0.01217675375
962,52,0.01427595875
962,53,0.04106052375
962,56,0.029722439999999996
962,59,0.00470459625
962,61,0.00578146625
962,64,0.0036350337499999994
962,73,0.00186338375
962,74,0.00419947875
962,77,0.0090781775
962,78,0.00705827
962,80,0.0028948674999999995
962,82,0.00180885625
962,84,0.06190808625
962,85,0.0206527075
962,86,0.0123088025
962,90,0.00176175375
962,94,0.00134669375
962,95,0.0020262362499999997
962,96,0.04200091875
962,97,0.00304977125
