task_id,group3,occupation_title,task_text,human_score_E0_E1_E2,notes
1120.0100-t01,112,"Working Proprietor, Electricity","Working Proprietor, Elect ricity plans, organizes and controls in broad outline, within authority delegated, activities of private or public organization s or establishments or one or more of its branches, departments, etc. engaged in generation, transmission and distribution of ele ctricity to domestic and industrial consumers.","",""
1120.0100-t02,112,"Working Proprietor, Electricity",Is designated according to work performed or powers exercised.,"",""
1213.0100-t01,121,"Manager, Automotive Service","S directs and co-ordinates activities concerned with acquisition of automotive equipment and operation and maintenance of automotive fleet repair and storage facilities for public utility, transportation, commercial, or industrial companies.","",""
1213.0100-t02,121,"Manager, Automotive Service","Co-ordinates activities of staff personnel conducting research and testing programme on automotive equipment considered for acquisition for such factors as operational performance, operational and maintenance costs, safety of operation, and compliance with environmental laws and regulations.","",""
1213.0100-t03,121,"Manager, Automotive Service",Reviews and submits staff proposals for modifications t o vendor or manufacturer.,"",""
1213.0100-t04,121,"Manager, Automotive Service","Directs procurement of all types of company-owned-and-operated automotive equipment, materials, supplies, and parts required to maintain automotive equipment, garages, and storage facilities.","",""
1213.0100-t05,121,"Manager, Automotive Service",Co-ordinates automotive repair and maintenance services to obtain maximum utilisation of automotive equipment and prevent operational delays in other departments.,"",""
1221.0100-t01,122,Sales Manager (Wholesale Trade),"Organizes and manages wholesale trade organizations, or one or more if its branches or departments engaged in buying goods and selling them for profits to retailers or industrial and commercial consumers.","",""
2341.0100-t01,234,Middle School Teacher,Teaches one or more subjects to students of middle school in regional language or English .,"",""
2341.0100-t02,234,Middle School Teacher,"Teaches students of various standards, allots and corrects homework, conducts test and examinations and decide s eligibility for promotion to higher standards, Maintains school registers and records.","",""
2341.0100-t03,234,Middle School Teacher,"May collect fees, conduct sports and extra-curricular activities and be in charge of library, canteen, dramatics, etc.","",""
2341.0100-t04,234,Middle School Teacher,Is designated as Senior Basic Teacher if teaching according to basic educational systems.,"",""
2512.0100-t01,251,Computer Programmer/Software Engineer,Converts data from project specifications and statements of problems and procedures to create or modify computer programs .,"",""
2512.0100-t02,251,Computer Programmer/Software Engineer,"Prepares or receives from SYSTEMS ANALYST, detailed workflow chart and diagram to illustrate sequence o f steps that the program must follow and to describe input, output, and logical operations involved.","",""
2512.0100-t03,251,Computer Programmer/Software Engineer,"Analyses workflow chart and diagram, applying knowledge of computer capabilities, subject matter, and symbolic logic.","",""
2512.0100-t04,251,Computer Programmer/Software Engineer,"Confers with Supervisor and represent atives of departments concerned with program ming to resolve questions of program intent, data input, output requirements, and inclusion of internal checks and controls.","",""
2512.0100-t05,251,Computer Programmer/Software Engineer,Converts detailed logical flow chart to a language that can be processed by a computer.,"",""
2512.0100-t06,251,Computer Programmer/Software Engineer,Enters program codes into the computer system.,"",""
2512.0100-t07,251,Computer Programmer/Software Engineer,Inputs test data into computer.,"",""
2512.0100-t08,251,Computer Programmer/Software Engineer,Observes the computer monitor screen to interpret program-operating codes.,"",""
2512.0100-t09,251,Computer Programmer/Software Engineer,"Corrects program errors, using methods , such as modifying the program or altering sequence of the program steps.","",""
2512.0100-t10,251,Computer Programmer/Software Engineer,Writes instructions to guide operating personnel during production runs.,"",""
2512.0100-t11,251,Computer Programmer/Software Engineer,"Analyses, reviews, and rewrites program s to increase operating efficiency or to adapt the program to new requirements.","",""
2512.0100-t12,251,Computer Programmer/Software Engineer,Compiles and writes documentation of program development and subsequent revisions.,"",""
2512.0100-t13,251,Computer Programmer/Software Engineer,May train workers to use the program.,"",""
2512.0100-t14,251,Computer Programmer/Software Engineer,May assist COMPUTER OPERATORS to resolve problems in running a computer program.,"",""
2512.0100-t15,251,Computer Programmer/Software Engineer,May work with SYSTEMS ANALYST to obtain and analyse project specifications and flow charts.,"",""
2512.0100-t16,251,Computer Programmer/Software Engineer,"May direct and co-ordinate work of others to write, test, and modify computer programs.","",""
2330.0100-t01,233,"Senior Secondary and Secondary School Teacher, Arts","Teaches one or more subjects to students of high school, higher secondary school, multipurpose school in regional language or English .","",""
2330.0100-t02,233,"Senior Secondary and Secondary School Teacher, Arts","Teaches students of various standards, allots and corrects home work .","",""
2330.0100-t03,233,"Senior Secondary and Secondary School Teacher, Arts",Conducts tests; and examinations and decides eligibility for promotion to higher standards.,"",""
2330.0100-t04,233,"Senior Secondary and Secondary School Teacher, Arts",Maintains school registers and re cords.,"",""
2330.0100-t05,233,"Senior Secondary and Secondary School Teacher, Arts","May collect fees, conduct sports and extracurricular activities such as scouting, hobby clubs, dramatics.","",""
2330.0100-t06,233,"Senior Secondary and Secondary School Teacher, Arts","May be in charge of stores and equipment, hostel, transport, canteen, library, etc.","",""
2330.0100-t07,233,"Senior Secondary and Secondary School Teacher, Arts","Is designated as Arts Teacher for teaching history, geography, civics, social science, economics, psychology, etc.","",""
2412.0100-t01,241,Financial Examiner,Enforces or ensures compliance with laws and regulations governing fina ncial and securities institutions and financial and real estate transactions.,"",""
2412.0100-t02,241,Financial Examiner,"May examine, verify correctness of, or establish authenticity of records.","",""
2412.0100-t03,241,Financial Examiner,"Direct and participate in formal and informal meetings with bank directors, trustees, senior management, counsels, outside accountants and consultants in order to gather information and discuss findings.","",""
2412.0100-t04,241,Financial Examiner,Investigate activities of institutions in order to enforce laws and regulations and to ensure legality of transactions and operations or financial solvency.,"",""
2412.0100-t05,241,Financial Examiner,"Prepare reports, exhibits and other supporting schedules that detail an institution's safety and soundness, compliance with laws and regulations, and recommended solutions to questionable financial conditions.","",""
2412.0100-t06,241,Financial Examiner,"Recommend actions to ensure compliance with l aws and regulations, or to protect solvency of institutions.","",""
2412.0100-t07,241,Financial Examiner,"Resolve problems concerning the overall financial integrity of banking institutions including loan investment portfolios, capital, earnings, and specific or large troubled accounts.","",""
2412.0100-t08,241,Financial Examiner,Review audit reports of internal and external auditors in order to monitor adequacy of scope of reports or to discover specific weaknesses in internal routines.,"",""
2412.0100-t09,241,Financial Examiner,"Review balance sheets, operating income and expense accounts, and loan documentation in order to confirm ins titution assets and liabilities.","",""
2412.0100-t10,241,Financial Examiner,"Verify and inspect cash reserves, assigned collateral, and bank-owned securities in order to check internal control procedures.","",""
2412.0100-t11,241,Financial Examiner,"Confer with officials of real estate, securities, or financial institution industries in order to exchange views and discuss issues or pending cases.","",""
2412.0100-t12,241,Financial Examiner,"Establish guidelines for procedures and policies that comply with new and revised regulations, and direct their implementation.","",""
3122.0100-t01,312,"Supervisors and Foremen, Metal Making, Converting and Refining Supervisor and Foreman, Metal Making",Converting and Refining supervises and guides workers engaged in various metal making and refining processes and ensures efficient operations.,"",""
3122.0100-t02,312,"Supervisors and Foremen, Metal Making, Converting and Refining Supervisor and Foreman, Metal Making","Guides workers in setting up and controlling, furnaces, charging of raw materials according to type of metal to be made, mixing of chemicals and ingredients for making alloys, controlling furnace flue, water circulation, tapping, pouring, casting and other operations for m aking required type and quality of metal and alloy.","",""
3122.0100-t03,312,"Supervisors and Foremen, Metal Making, Converting and Refining Supervisor and Foreman, Metal Making","Arranges stock of raw materials, tools, equipment and accessories and ensures efficient and stipulated performance.","",""
3122.0100-t04,312,"Supervisors and Foremen, Metal Making, Converting and Refining Supervisor and Foreman, Metal Making",Checks plants and equipment and gets defects removed.,"",""
3122.0100-t05,312,"Supervisors and Foremen, Metal Making, Converting and Refining Supervisor and Foreman, Metal Making",Maintains records and registers an d submits prescribed returns.,"",""
3122.0100-t06,312,"Supervisors and Foremen, Metal Making, Converting and Refining Supervisor and Foreman, Metal Making",May test samples while processing and make necessary adjustments.,"",""
3122.0100-t07,312,"Supervisors and Foremen, Metal Making, Converting and Refining Supervisor and Foreman, Metal Making","May be designated according to section or work supervised. (Excluded are other metal making, converting and refining supervisory staff, described separately).","",""
3221.0100-t01,322,"Nurse, General","Gives bedside care in cases of illness, assists Physician in examination and op eration of patient and performs other nursing tasks.","",""
3221.0100-t02,322,"Nurse, General","Maintains record of patient's treatment, temperature, respiration, pulse rate, nourishment, progress, etc.","",""
3221.0100-t03,322,"Nurse, General","Administers medicines and injections, as prescribed; dresses injuries and renders first aid.","",""
3221.0100-t04,322,"Nurse, General","Obs erves and reports to Physician or Surgeon mental, physical and emotional condition of patient.","",""
3221.0100-t05,322,"Nurse, General",Prepares patient for examination or operation and helps to maintain healthy and hygienic environment for patient and takes preventive measures to check spread of communicable diseases in ward.,"",""
3221.0100-t06,322,"Nurse, General","Is designated as Matron or Nursing Superintendent, if responsible for supervision of work of nurses and related administrative duties.","",""
3322.0101-t01,332,"Sales Representative, Technical","Travels in allotted area and canvasses for sale of machinery, plants, equipment, accessories, etc.","",""
3322.0101-t02,332,"Sales Representative, Technical",Plans daily visits to prospective clients in allot ted area.,"",""
3322.0101-t03,332,"Sales Representative, Technical","Introduces his products by showing samples, catalogues and relevant literature.","",""
3322.0101-t04,332,"Sales Representative, Technical","Arranges demonstration of his products if necessary and renders necessary instructions regarding use, operations, maintenance, servicing and other technical details.","",""
3322.0101-t05,332,"Sales Representative, Technical","Advises customers in computing costs of installation and savings in production costs, and gives them estimates, blueprints etc.","",""
3322.0101-t06,332,"Sales Representative, Technical","Follows up his visits, discusses and finalises with clients, price, cost of installation, credit terms, etc.","",""
3322.0101-t07,332,"Sales Representative, Technical",Books orders and fo rwards them to controlling office for compliance.,"",""
3322.0101-t08,332,"Sales Representative, Technical",Submits report to controlling office on day-to-day progress of work and makes suggestions for improving sales.,"",""
3322.0101-t09,332,"Sales Representative, Technical",Studies literature supplied by manufacturers and keeps abreast with latest technical developments.,"",""
3322.0101-t10,332,"Sales Representative, Technical","May attend to erection and servicing of machinery or plant supplied and ensure that Technical Demonstrators, Fitters, etc. execute their tasks properly.","",""
4110.0100-t01,411,"Clerk, General","Performs variety of clerical duties such as maintenance of records, receipt and dispatch of dak , routine correspondence, tabulating data, preparing production schedules, wage bills, and insurance and provident fund accounts, keeping record of issue and receipt of library books, maintaining record of incoming and outgoing railway waggons and carriage s, booking and delivering of goods, maintaining auction accounts, calculating and releasing octroi, attending to clerical duties of court, allocating and supervising work of process serving staff, receiving applications for granting arms licences, doing clerical work for legal practi tioner, copying and comparison work, etc.","",""
4110.0100-t02,411,"Clerk, General",May do his own typing.,"",""
4110.0100-t03,411,"Clerk, General",May operate office computing and accounting machine.,"",""
4110.0100-t04,411,"Clerk, General","Is designated according to nature of duties performed such as: Record Clerk/Record Keeper/Record Supplier if e ngaged on receipt, issue and maintenance of record.","",""
4110.0100-t05,411,"Clerk, General",Diarist/Receipt Clerk/Dispatch Clerk if engaged on receipt and dispatch of dak.,"",""
4110.0100-t06,411,"Clerk, General","Correspondence Clerk if engaged in dealing with correspondence from individuals, customers, offices etc.","",""
4110.0100-t07,411,"Clerk, General","Personnel Clerk if attends to clerical work regarding recruitment, employment and service condition of personnel employed.","",""
4110.0100-t08,411,"Clerk, General",Production Clerk/Progress Clerk if engaged on preparation of production schedule based on time and operations involved in various stages of production.,"",""
4110.0100-t09,411,"Clerk, General","Wages Clerk if engaged on calculation, preparation of pay bills or wage sheets based on workers' attendance and terms of employment.","",""
4110.0100-t10,411,"Clerk, General","Insurance Clerk If engaged on performing routing clerical tasks, connected with transaction of life, fire, automobile or ot her type of insurance.","",""
4110.0100-t11,411,"Clerk, General",Provident Fund Clerk if engaged on maintenance of provident fund accounts.,"",""
4110.0100-t12,411,"Clerk, General","Postal Clerk if engaged on performing various clerical tasks in post office such as accepting money for money orders or saving bank deposits, receiving parcels, insured and registered letters.","",""
4110.0100-t13,411,"Clerk, General",Telegraph Clerk if engaged in performing various tasks in receiving and transmitting telegrams.,"",""
4110.0100-t14,411,"Clerk, General",Trains Clerk (Railway) if engaged in keeping records waggons or carriages (their number and capacity) coming in and going out of railway station.,"",""
4110.0100-t15,411,"Clerk, General",Weighing Clerk if engaged in weighing goods and articles received or issued on weighing machine and maintains relevant clerical records.,"",""
4110.0100-t16,411,"Clerk, General","Commercial Clerk (Transport)/Goods Clerk, Parcel Clerk, Freight Clerk if attends to booking and delivery of goods by rail, road, water or air routes.","",""
4110.0100-t17,411,"Clerk, General",Auction Clerk if engaged in maintaining records of auction transactions.,"",""
4110.0100-t18,411,"Clerk, General","Octroi Clerk if engaged in calculating and realising octroi duty, terminal or toll-tax on listed goods entering municipal limits.","",""
4110.0100-t19,411,"Clerk, General","Administrative Clerk, Court/Nazir Court if engaged in allocating and supervising work of process serving staff and realization of fines and dues imposed by court.","",""
4110.0100-t20,411,"Clerk, General","Arms Clerk if engaged in receiving applications for granting arms' licences, their renewals etc.","",""
4110.0100-t21,411,"Clerk, General",Copyist if engaged in preparing copies of document by hand or by typewriter.,"",""
4110.0100-t22,411,"Clerk, General",Munshi if engaged in performing clerical work for legal practitioner.,"",""
4110.0100-t23,411,"Clerk, General",Examiner Court if engaged in comparing hand-written or typed matter from original documents.,"",""
4419.0100-t01,441,Publicity Assistant,"Prepares publicity materials for Government, business or other institutions and conducts visitors in information centre to popularise their products or achievements.","",""
4419.0100-t02,441,Publicity Assistant,Scrutinises newspapers and magazines and collects news and views relating to his employers ’ institution.,"",""
4419.0100-t03,441,Publicity Assistant,"Prepares press releases, feature articles, pamphlets, folders leaflet etc. for distribution to press and public.","",""
4419.0100-t04,441,Publicity Assistant,Sends pre-pared materials to Publicity Officer for approval.,"",""
4419.0100-t05,441,Publicity Assistant,Arranges display of publicity posters or erection of hoardings at important public places.,"",""
4419.0100-t06,441,Publicity Assistant,"Receives visitors at information centre or exhibition and explains to them charts, models and other exhibits displa yed.","",""
4419.0100-t07,441,Publicity Assistant,May attend to clerical work.,"",""
4132.0401-t01,413,Data Entry Machine Operator,"Data Entry Operator operates keyboard or other data entry device to enter data into computer or onto magnetic tape or disk for subs equent entry: Enters alphabetic, numeric, or symbolic data from source documents into computer, using data entry device, such as keyboard or optical scanner, and following format displayed on screen.","",""
4132.0401-t02,413,Data Entry Machine Operator,"Compares data entered with source documents, or re-enters data in verification format on screen to detect errors.","",""
4132.0401-t03,413,Data Entry Machine Operator,"Deletes incorrectly entered data, and re-enters correct data.","",""
4132.0401-t04,413,Data Entry Machine Operator,"May compile, sort, and verify accuracy of data to be entered.","",""
4132.0401-t05,413,Data Entry Machine Operator,May keep record of work completed.,"",""
5223.0100-t01,522,Shop Assistant; Counterhand,"assists Salesman, Retail in effecting sales of goods to customers and keeping goods neat and tidy in retail shop or departmental store.","",""
5223.0100-t02,522,Shop Assistant; Counterhand,"Attends shop or establishment before its opening time, supervises its cleaning and dusting and ensures that all goods are ke pt neat and tidy.","",""
5223.0100-t03,522,Shop Assistant; Counterhand,"Brings required types of goods from stock by measuring or weighing and packs them in paper, carton etc.","",""
5223.0100-t04,522,Shop Assistant; Counterhand,Delivers them to customer on premises or at place specified.,"",""
5223.0100-t05,522,Shop Assistant; Counterhand,Informs Salesman or Dealer items of goods which are in short supply and w hich need to be replenished.,"",""
5223.0100-t06,522,Shop Assistant; Counterhand,"Takes delivery of goods purchased from manufacturer agents, dealers, Railway stations etc.","",""
5223.0100-t07,522,Shop Assistant; Counterhand,Assists Dealers in stock-taking and performs all other duties as assigned to him by Dealer or Salesman.,"",""
5223.0100-t08,522,Shop Assistant; Counterhand,"May prepare bills, receive payme nt, check stock and maintain stock register.","",""
5223.0100-t09,522,Shop Assistant; Counterhand,May be designated according to commodity sold.,"",""
5414.0101-t01,541,Security Officer,"Makes arrangements to guard industrial plants, establishments, buildings and other property from fire, thefts, pilferage and unauthorized entry, and enforces such preventive measures as necessary to eliminate them.","",""
5414.0101-t02,541,Security Officer,"Plans, controls and supervises security arrangements of industrial plants, establishments, buildings, men , material and other moveable and immovable property against fire, thefts; pilferage, unauthorized entry and personal hazards.","",""
5414.0101-t03,541,Security Officer,"Allots duties to security personnel at the gates of workshops, stores, ware-houses, water works and administrative buildings to c heck unauthorized entry of men and passage of material.","",""
5414.0101-t04,541,Security Officer,Issues gate passes to visitors desiring entry into restricted premises and checks security personnel on duty.,"",""
5414.0101-t05,541,Security Officer,Enquires in to complaints of unauthorized entry of men and material and cases of theft etc . and reports the matter to police for further action.,"",""
5414.0101-t06,541,Security Officer,Maintains discipline amongst security personnel.,"",""
5414.0101-t07,541,Security Officer,"Looks after welfare of security personnel such as housing, messing, arranges their transfers from one department to another; assists firefighting personnel in case of fires.","",""
5120.0200-t01,512,"Cook, Institutional","Prepares, seasons and cooks soups, meats, vegetables, desserts and other foodstuffs for consumption in hotels, restaurants and other establishments.","",""
5120.0200-t02,512,"Cook, Institutional","Fries, boils, broils, roasts or steams vegetables, meats, fish and other food to prepare dishes listed on menu and prepares sala ds, sandwiches, cakes, fruit juices and other cold foods.","",""
5120.0200-t03,512,"Cook, Institutional",Supervises dish washing and preparing of vegetables and other foodstuffs for cooking.,"",""
5120.0200-t04,512,"Cook, Institutional","May specialize in preparing a particular type of food, such as meat, salad, pastry or vegetables, and be designated accordingly.","",""
5211.0100-t01,521,Advertising Sales Agent/Advertising Executive,"Sells or solicits advertising, including graphic art, advertising space in publications, custom made signs, or TV and radio advertising time.","",""
5211.0100-t02,521,Advertising Sales Agent/Advertising Executive,May obtain leases for outdoor advertising sites or persuade retailer to use sales promotio n display items.,"",""
5211.0100-t03,521,Advertising Sales Agent/Advertising Executive,"Consults with company officials, sales departments, and advertising agencies in order to develop promotional plans.","",""
5211.0100-t04,521,Advertising Sales Agent/Advertising Executive,Delivers advertising or illustration proofs to customers for approval.,"",""
5211.0100-t05,521,Advertising Sales Agent/Advertising Executive,"Draws up contracts for advertising work, and collect payments due.","",""
5211.0100-t06,521,Advertising Sales Agent/Advertising Executive,Explains to customers how specific types of advertising will help promote their products or services in the most effective way possible.,"",""
5211.0100-t07,521,Advertising Sales Agent/Advertising Executive,"Identifies new advertising markets, and propose products to serve them.","",""
5211.0100-t08,521,Advertising Sales Agent/Advertising Executive,Locates and contact potential cl ients in order to offer advertising services.,"",""
5211.0100-t09,521,Advertising Sales Agent/Advertising Executive,Maintains assigned account bases while developing new accounts.,"",""
5211.0100-t10,521,Advertising Sales Agent/Advertising Executive,"Obtains and studies information about clients' products, needs, problems, advertising history, and business practices in order to offer effective sales presentations and appropriate product assistance.","",""
5211.0100-t11,521,Advertising Sales Agent/Advertising Executive,"Prepares and delivers sales presentations to new and existing customers in order to sell new advertising programmes, and to protect and increase existing advertising.","",""
5244.0100-t01,524,"Operator, Call Centre","Call Centre Operator s, Call Centre Operator receives telephone calls from potential clients and existing customers regarding the products and services offered by an organization.","",""
5244.0100-t02,524,"Operator, Call Centre","They answer incoming telephone calls from existing or prospective customers; interviews caller to establish the nature of any complaint or the requirements of the client; informs customers on any immediate action to be taken, advises on servic es available and sells additional products or services; maintains details of calls received, the action taken as a result of a call and updates customer records as required; arrange for field staff to visit the caller if further assistance is required.","",""
5244.0100-t03,524,"Operator, Call Centre",May also be called Call Centre Information Clerk.,"",""
5142.0100-t01,514,Beautician,gives various forms of beauty treatment to clients.,"",""
5142.0100-t02,514,Beautician,Examines client s’ skin and sugg ests suitable treatment.,"",""
5142.0100-t03,514,Beautician,"Applies lotions, creams and packs to stimulate circulation, lubricate tissues and remove wrinkles and lines.","",""
5142.0100-t04,514,Beautician,"Massages face, neck, arms, legs or other parts of body and gives treatment for superficial skin blemishes.","",""
5142.0100-t05,514,Beautician,Removes superfl uous hair by wax treatment or other method.,"",""
5142.0100-t06,514,Beautician,"Shapes, colours and otherwise treats eyebrows and eyelashes and applies cosmetics and advises on suitable make-up.","",""
5142.0100-t07,514,Beautician,"May cut, comb and wave hair according to clients ’ instructions or according to particular style, tint or dye hair, and give scalp treatment.","",""
5142.0100-t08,514,Beautician,"May clean, shape and polish finger nails.","",""
5151.0101-t01,515,House Keeper (Institutional)/Housekeeping Supervisor,"Supervises work of staff engaged in cleaning rooms, lounges and dining halls of hotel.","",""
5151.0101-t02,515,House Keeper (Institutional)/Housekeeping Supervisor,Assigns duties to staff and visits periodically all portions of hotel to assure that areas a re clean and tidy.,"",""
5151.0101-t03,515,House Keeper (Institutional)/Housekeeping Supervisor,Reports any defects in electrical and water systems.,"",""
5151.0101-t04,515,House Keeper (Institutional)/Housekeeping Supervisor,Arranges to have rooms and public places periodically white-washed or painted.,"",""
5151.0101-t05,515,House Keeper (Institutional)/Housekeeping Supervisor,"Indents for fresh supply of linen, and discards worn out items and greets guests in their rooms and enqui res about their comfort.","",""
5151.0101-t06,515,House Keeper (Institutional)/Housekeeping Supervisor,Keeps custody of luggage left temporarily by residents.,"",""
5151.0101-t07,515,House Keeper (Institutional)/Housekeeping Supervisor,"Supervises work of Lascars Porter (Hotel, Sweepers, Room Boys, Lift Boys and Linen Keeper).","",""
5131.0100-t01,513,Butler,serves or supervises serving of foods and beverages and performs additional services in private households.,"",""
5131.0100-t02,513,Butler,"Sets or supervises setting of table for meals and for special occasions, by bearers.","",""
5131.0100-t03,513,Butler,Serves or supervises serving of meals and wines and removes or directs removal of dishes between courses.,"",""
5131.0100-t04,513,Butler,Prepares or supervises preparation of fancy uncooked dishes such as fruit cocktails and salad.,"",""
5131.0100-t05,513,Butler,"Prepares and serves tea, coffee, liquors and accompanying foods and performs additional services such as receiving guests.","",""
5131.0100-t06,513,Butler,May supervise cleaning of dining room.,"",""
6111.0100-t01,611,"Cultivators, General; Farmer, General","grows crops, vegetables, fruits, etc. depending upon soil, irrigation facilities, market, etc., and sells produce.","",""
6111.0100-t02,611,"Cultivators, General; Farmer, General","Determines crops to be grown depending on nature of soil, climate, irrigation and marketing facilities.","",""
6111.0100-t03,611,"Cultivators, General; Farmer, General","Selects and purchases good seed, fertiliser, implements and other items of farm equipment including machinery.","",""
6111.0100-t04,611,"Cultivators, General; Farmer, General","Clears field of stones, grass, shrubs, trees etc., using hand tools.","",""
6111.0100-t05,611,"Cultivators, General; Farmer, General",Prepares plots by raising ‘bund’ (earthwork) around them for retention of water.,"",""
6111.0100-t06,611,"Cultivators, General; Farmer, General",Tills land using plough or tractor and breads loads.,"",""
6111.0100-t07,611,"Cultivators, General; Farmer, General",Sows seeds and levels earth.,"",""
6111.0100-t08,611,"Cultivators, General; Farmer, General",Makes channels connecting land to source of water for irrigation.,"",""
6111.0100-t09,611,"Cultivators, General; Farmer, General",Conducts weeding and hoeing to conserve moisture.,"",""
6111.0100-t10,611,"Cultivators, General; Farmer, General",Prepares manure by collecting and storing farmyard refuse into ditch and covering it with earth.,"",""
6111.0100-t11,611,"Cultivators, General; Farmer, General","Sprays insecticides, evolves measures to protect crops from destruction by plant diseases and wild animals and nurses growing crops by picking wild growth.","",""
6111.0100-t12,611,"Cultivators, General; Farmer, General",Harvests matured crops using sickle etc.,"",""
6111.0100-t13,611,"Cultivators, General; Farmer, General",Collects harvested crop into bundles and carries it to the threshing ground when completely dried by sun.,"",""
6111.0100-t14,611,"Cultivators, General; Farmer, General",Threshes harvested crop by treading bullocks or machine.,"",""
6111.0100-t15,611,"Cultivators, General; Farmer, General",Separates grain from straw by winnowing.,"",""
6111.0100-t16,611,"Cultivators, General; Farmer, General","Bags corn, bundles straw and stores corn in godown.","",""
6111.0100-t17,611,"Cultivators, General; Farmer, General",Sells produce in ma rket.,"",""
6111.0100-t18,611,"Cultivators, General; Farmer, General",Hires labourers when necessary and supervises their work.,"",""
6111.0100-t19,611,"Cultivators, General; Farmer, General","Maintains equipment , building, fences etc. in good order.","",""
6111.0100-t20,611,"Cultivators, General; Farmer, General","May operate tractor, winnowing, threshing and other machines.","",""
6111.0100-t21,611,"Cultivators, General; Farmer, General",May breed animals.,"",""
6111.0100-t22,611,"Cultivators, General; Farmer, General",May do share cropping or take land on lease for cultivation.,"",""
6121.0100-t01,612,"Farmer, Livestock",Manages farm on own account for raising and breeding different kinds of livestock.,"",""
6121.0100-t02,612,"Farmer, Livestock","Selects and purchases animals, arranges sheds, stables etc. to shelter animals from weather and gets enclosures put up for their safety.","",""
6121.0100-t03,612,"Farmer, Livestock",Determines amount of basic feed required to feed animals and stock fodder and other feeding material through purchases.,"",""
6121.0100-t04,612,"Farmer, Livestock",Arranges grazing of livestock on availa ble pastures and ensures by constant watch that animals do not go astray or get lost.,"",""
6121.0100-t05,612,"Farmer, Livestock",Restrains them from drinking polluted water.,"",""
6121.0100-t06,612,"Farmer, Livestock",Examines and treats animals for minor injuries and infection.,"",""
6121.0100-t07,612,"Farmer, Livestock",Arranges proper medical aid in serious cases.,"",""
6121.0100-t08,612,"Farmer, Livestock",Trains to cultivate desirable habits in animals.,"",""
6121.0100-t09,612,"Farmer, Livestock",Selects and pairs pedigree animals for breeding.,"",""
6121.0100-t10,612,"Farmer, Livestock",Gets animals bred by artificial insemination if necessary.,"",""
6121.0100-t11,612,"Farmer, Livestock",Tends animals during birth and protects and guards young animals.,"",""
6121.0100-t12,612,"Farmer, Livestock",Performs tasks connected with milking.,"",""
6121.0100-t13,612,"Farmer, Livestock","Mark ets milk, and animals for meat, breeding etc.","",""
6121.0100-t14,612,"Farmer, Livestock",Gets animals inoculated and vaccinated in time and adopts preventive measures in case of outbreak of epidemic.,"",""
6121.0100-t15,612,"Farmer, Livestock","Keeps records of feed consumed, milk and other items produced and stock sold or purchased.","",""
6121.0100-t16,612,"Farmer, Livestock","Attends to all correspondence, accounts and administration of farm.","",""
6121.0100-t17,612,"Farmer, Livestock","Ensures proper cleaning of sheds and stable, flaying of skins and hides of fallen animals, disposal of carcasses etc. as necessary.","",""
6121.0100-t18,612,"Farmer, Livestock",May raise particular breeds of animal.,"",""
6121.0100-t19,612,"Farmer, Livestock",May raise and exhibit sho w animals.,"",""
6121.0100-t20,612,"Farmer, Livestock",May grow and cultivate feed for animals.,"",""
6130.0100-t01,613,Artificial Breeding Technician Artificial-Breeding Technician,"collects and packages bull semen for artificial insemination of cows: Attaches rubber collecting sheath to genital organ of tethered bull, and stimulates animal's organ to excite ejaculation.","",""
6130.0100-t02,613,Artificial Breeding Technician Artificial-Breeding Technician,"Examines semen, using microscope, to determine density and motility of gametes, and dilutes semen with prescribed diluents according to formulas.","",""
6130.0100-t03,613,Artificial Breeding Technician Artificial-Breeding Technician,"Transfers required amount of semen to container, using titration tube, and labels it with identifying data, such as date taken, source, quality, and concentration, and records similar data on file cards.","",""
6130.0100-t04,613,Artificial Breeding Technician Artificial-Breeding Technician,Packs container of semen in dry ice or liquid nitrogen for freezing and storage or shipment.,"",""
6130.0100-t05,613,Artificial Breeding Technician Artificial-Breeding Technician,May inseminate cows.,"",""
6310.0100-t01,631,Tree Trimmer and Pruner,"Cuts away dead or excess branches from trees or shrubs to maintain right-of-way for roads, sidewalks, or utilities, or to improve appearance, health, and value of tree.","",""
6310.0100-t02,631,Tree Trimmer and Pruner,"Prunes or treats trees or shrubs using handsaws, pruning hooks, sheers, and clippers.","",""
6310.0100-t03,631,Tree Trimmer and Pruner,"May use pruning hooks, sheers, and clippers.","",""
6310.0100-t04,631,Tree Trimmer and Pruner,Climb struck-mounted lifts and power pruners.,"",""
6310.0100-t05,631,Tree Trimmer and Pruner,May fill cavities in trees to promote healing and prevent deterioration.,"",""
6310.0100-t06,631,Tree Trimmer and Pruner,"Cuts away dead and excess branches from trees, using handsaws, trees, using climbing hooks and belts, or climbs ladders to gain access to work area.","",""
6310.0100-t07,631,Tree Trimmer and Pruner,"Prunes, cuts down, fertilizes, and sprays trees as directed by tree surgeon.","",""
6310.0100-t08,631,Tree Trimmer and Pruner,Uses truck-mounted hydraulic lifts and pruners and power pruners.,"",""
6310.0100-t09,631,Tree Trimmer and Pruner,Scrapes decayed matter from cavities in trees and fills holes with cement to promote healing and to prevent further deterioration.,"",""
6310.0100-t10,631,Tree Trimmer and Pruner,Applies tar or other protective substances to cut surfaces to seal surfaces against insects.,"",""
6224.0300-t01,622,Trappers,"catches birds or wild animals alive by means of traps, snares and nets for treatment and tagging.","",""
6224.0300-t02,622,Trappers,"Selects location, sets bait and camouflages traps.","",""
6224.0300-t03,622,Trappers,Removes captured animal..,"",""
6224.0300-t04,622,Trappers,May specialize in catching particular type of animal or birds.,"",""
6224.0300-t05,622,Trappers,"May prepare nets, cages and other snares for trapping animals and birds.","",""
6210.0100-t01,621,Forester; Forest Range Assistant,"develops nurseries, raises plantations and supervises duties of Forest Guard and Forest Fire Watcher and assists Forest Ranger in devel opment of forest and exploitation of its produce.","",""
6210.0100-t02,621,Forester; Forest Range Assistant,Raises nurseries of various plants required for afforestation.,"",""
6210.0100-t03,621,Forester; Forest Range Assistant,Raises plantations from replanted seedlings.,"",""
6210.0100-t04,621,Forester; Forest Range Assistant,"Arranges for weeding, marking and felling of trees within his block and issues transit and other p asses.","",""
6210.0100-t05,621,Forester; Forest Range Assistant,Supervises fire-fighting operations and protects forest produce from theft and poaching.,"",""
6210.0100-t06,621,Forester; Forest Range Assistant,Maintains records of timber felled for sale.,"",""
6210.0100-t07,621,Forester; Forest Range Assistant,"Enquires and reports occurrence of theft, fire, illegal cultivation, etc. to higher authorities.","",""
6210.0100-t08,621,Forester; Forest Range Assistant,"Supervises work of mazdoors engaged in forest work, maintains their muster roll and arranges payment of their wages.","",""
6210.0100-t09,621,Forester; Forest Range Assistant,May estimate quality and volume of wood available in his section.,"",""
6210.0100-t10,621,Forester; Forest Range Assistant,May collect grazing fees and compensation for offences.,"",""
7535.0100-t01,753,"Sorter, Hides and Skin",S sorts and grades hides and skins before or after processing .,"",""
7535.0100-t02,753,"Sorter, Hides and Skin","Examines hides for weight, thickness and colour and checks quality by touch; inspects hides for defects, such as bran into groups; selects hides suitable for processing;' examines and grades processed hides rejecting and returning hides for reprocessing wh ere necessary.","",""
7535.0100-t03,753,"Sorter, Hides and Skin","May be designated according to material sorted as CALF SKIN SORTER, PATENT LEATHER SORTER.","",""
7115.0100-t01,711,"Carpenter, General","Makes, assembles, alters and repairs wooden structures and articles according to sample or drawing using hand or power tools or both.","",""
7115.0100-t02,711,"Carpenter, General",Studies drawing on sample to understand type of structure or article to be made and calculates quan tity of timber required.,"",""
7115.0100-t03,711,"Carpenter, General",Selects timber to suit requirements.,"",""
7115.0100-t04,711,"Carpenter, General","Marks them to size using square, scriber etc.","",""
7115.0100-t05,711,"Carpenter, General","Saws, chisels and planes wooden pieces to required sizes and makes necessary joints such as half lap, Tenon mortice, dove-tail etc. using saws, plan es, mortising, chisels, drills and other carpentry hand or power tools as required.","",""
7115.0100-t06,711,"Carpenter, General","Checks parts frequently with square, foot rule, measuring tape etc. to ensure correctness.","",""
7115.0100-t07,711,"Carpenter, General","Assembles parts and secures them in position by screwing, nailing or doweling.","",""
7115.0100-t08,711,"Carpenter, General","Checks assembled structure with drawing or sample; rectifies defects if any, and finishes it to required specifications.","",""
7115.0100-t09,711,"Carpenter, General","Alters, repairs or replaces components in case of old structures or articles in similar manner.","",""
7115.0100-t10,711,"Carpenter, General",May glue parts together.,"",""
7115.0100-t11,711,"Carpenter, General",May smoothen and finish surface with sand paper and polish.,"",""
7115.0100-t12,711,"Carpenter, General",May fix metal fittings to structure and polish.,"",""
7115.0100-t13,711,"Carpenter, General",May fix metal fittings to structure or article made.,"",""
7115.0100-t14,711,"Carpenter, General",May calculate cost of furniture.,"",""
7115.0100-t15,711,"Carpenter, General",May sharpen his own tools.,"",""
7313.0100-t01,731,"Roller, Gold and Silver","Roller, Gold and Silv er makes silver and gold sheets of varied thickness by process of rolling.","",""
7313.0100-t02,731,"Roller, Gold and Silver",Adjusts roll gap of rolling machine by means of handle operating gearing system machine.,"",""
7313.0100-t03,731,"Roller, Gold and Silver","Takes required weight and size of metal piece (caste and annealed if necessary) and carefull y inserts it in between roller, keeping it pressed against bottom roller.","",""
7313.0100-t04,731,"Roller, Gold and Silver","Checks thickness of sheet after each rolling, reduces roll gap and repeats process until required thickness is obtained.","",""
7313.0100-t05,731,"Roller, Gold and Silver",Ensures that texture of sheet or foil does not get spoilt dur ing rolling.,"",""
7313.0100-t06,731,"Roller, Gold and Silver",May prepare sheets or foils manually by process of hammering and flattening.,"",""
7313.0100-t07,731,"Roller, Gold and Silver",May anneal sheet or foil after rolling.,"",""
7233.0100-t01,723,"Fitter, General Fitter Genera","lsizes metal parts to close tolerances and fits and assembles them using hand tools for production or repairs of machines, or other metal products.","",""
7233.0100-t02,723,"Fitter, General Fitter Genera","Studies drawings to understand specification of different parts, fittings or assembles to be made and their functions.","",""
7233.0100-t03,723,"Fitter, General Fitter Genera","Cuts and shapes required parts dimensions and specifications by processes of sawing, clipping, filing, grinding, drilling holes, screw cutting, scrapping etc., Assembles parts by riveting, screwing, pinning etc.","",""
7233.0100-t04,723,"Fitter, General Fitter Genera",So as to make complete unit according to drawing.,"",""
7233.0100-t05,723,"Fitter, General Fitter Genera","Dismantles or removes worn out, broken or defective parts using hand tools and replaces them by repaired or new ones.","",""
7233.0100-t06,723,"Fitter, General Fitter Genera",Tests completed article to ensure correct performance.,"",""
7233.0100-t07,723,"Fitter, General Fitter Genera","May do simple turning, planning and shaping of parts on machines and perform welding, brazing, annealing, hardening, tempering and, like operations.","",""
7233.0100-t08,723,"Fitter, General Fitter Genera",May specialize in particular type of machine or product and be designated accordingly.,"",""
7233.0100-t09,723,"Fitter, General Fitter Genera",May suggest alterations.,"",""
7514.0100-t01,751,Oil Expeller Man,"Oil Expeller Operator tends machine that presses oil seeds, such as cotton seed, copra, castor seed to extract oil.","",""
7514.0100-t02,751,Oil Expeller Man,"Feeds moistened oil seeds into hopper of machine; turns hand wheels to adjust rollers to flatten oil seed; turns control of heat drier to sp ecified temperature and opens chute to admit flattened oil seed to drier; turns steam valve of heat cooker to cook dried oils seed; turns hand wheels to adjust roller pressure of oil expeller; feels samples of expelled oil seed to determine that sufficient quantity of oil has been removed; ensures that pressed seed cakes are released at discharge end and that oil flows into oil tank from peripheral surface of expeller; stops machine when jammed and makes necessary adjustments to maintain continuous, product ion keeps work place clean and tidy.","",""
7514.0100-t03,751,Oil Expeller Man,May filter oil in cloth-filter press.,"",""
7132.0100-t01,713,"Painter, General","Applies decorative or protective coats of paint, varnish, shellac, enamel, lacquer or other materials on exterior or interior surfaces, trimming and fixtures of glass, metal, wood, plaster concrete brick, building boards or other objects u sing brush, spray gun, roller, stencils etc.","",""
7132.0100-t02,713,"Painter, General","Receives work order and selects correct type of paint materials with the consideration to suitability, durability, ease of application and estimated cost.","",""
7132.0100-t03,713,"Painter, General","Mixes pigments, oils and other ingredients to material w here required by manual or mechanical mixing device using paddle or electric mixer to obtain desired colour, shade and consistency.","",""
7132.0100-t04,713,"Painter, General","Removes dirt, grease or rough spots and irregularities by scrapers, chemicals and abrasives and patches cracks and holes wit h putty or other filler.","",""
7132.0100-t05,713,"Painter, General",Covers surface with appropriate prime coat or sealer to have suitable surface or base for paint.,"",""
7132.0100-t06,713,"Painter, General","Brushes, sprays or stencils one or more coats of material on surfaces.","",""
7132.0100-t07,713,"Painter, General","May finish or decorate surfaces by gilding, silvering or painti ng over stencils.","",""
7132.0100-t08,713,"Painter, General",May be designated according to object coated or material used.,"",""
7132.0100-t09,713,"Painter, General","May mix paint with linseed oil, colouring matter of materials, labour, etc.","",""
7132.0100-t10,713,"Painter, General",May erect scaffolds to facilitate work.,"",""
7126.0101-t01,712,"Plumber, General","Lays out, assembles, installs and maintains sanitary fittings and fixtures, sewage and drainage systems, heating and sanitary systems, gas and water pipe lines etc.","",""
7126.0101-t02,712,"Plumber, General","Receives instructions from Sanitary Engineer or Civil Engineer regarding lay out of pipes, gas or water mains, position of fixtures and fittings, etc.","",""
7126.0101-t03,712,"Plumber, General",Examines drawings or o ther specifications regarding size and dimensions of area where sanitary fittings or pipe are to be fitted or laid.,"",""
7126.0101-t04,712,"Plumber, General",Marks points at places to indicate position for fixing brackets and laying pipes.,"",""
7126.0101-t05,712,"Plumber, General","Drills passage holes in walls or floor of premises and fix es necessary brackets, stands, holders etc. to keep or hold fittings and fixtures in position, using nuts, bolts, clamps etc. and tightens them with hand tools.","",""
7126.0101-t06,712,"Plumber, General","Cuts reams, threads and bends pipes as appropriate.","",""
7126.0101-t07,712,"Plumber, General",Ensures that pipe lines are laid properly b y Pipe Fitter.,"",""
7126.0101-t08,712,"Plumber, General","Joins pipes with sockets, Tees, elbow etc. or with molten lead or lead wool.","",""
7126.0101-t09,712,"Plumber, General",Caulks joints (operation of making joint seam tight to withstand pressure) and tests them for leaks with pneumatic or hydraulic pressure.,"",""
7126.0101-t10,712,"Plumber, General","May repair and maintain se werage and pipe lines by replacing washers on leaky faucets, mending burst pipes, opening clogged drains, etc.","",""
7126.0101-t11,712,"Plumber, General","May do lead burning, dressing and bossing of lead pipe and sheet lead, inlaying of wooden tanks, construction of septic tanks etc.","",""
8322.0100-t01,832,"Driver, Car, Chauffeur",drives motor car according to owner's requirement as paid employee.,"",""
8322.0100-t02,832,"Driver, Car, Chauffeur",Observes road signals and traffic rules.,"",""
8322.0100-t03,832,"Driver, Car, Chauffeur",Attends to minor repairs.,"",""
8322.0100-t04,832,"Driver, Car, Chauffeur",May wash and polish car and maintain log book for journey.,"",""
8322.0100-t05,832,"Driver, Car, Chauffeur",May also do odd jobs and run office or house-hold errands.,"",""
8331.0100-t01,833,Tram Car Driver,Drives electric tram cars on scheduled routes in cities for transporting passengers to different localities.,"",""
8331.0100-t02,833,Tram Car Driver,"Checks before start that tram is in perfect running condition and all requisite material such as sidelights, tail lamp, gong, first aid box, etc. are provided in it; starts tram at scheduled time under directions or signal from Depot Starter, Tram; controls movement of tram in response to traffic signals, and signals given by Tram Conductor; studies running time schedules and adjusts movement of tram i.e. arrival and departure at specific places, accordingly, or acts under instructions from Traffic R egulator, Tram assists passengers in emergency; directs Poleman, Tram to connect tram car pole with overhead electric line in required direction, keeps simple record of defects noticed in tram or in track.","",""
8331.0100-t03,833,Tram Car Driver,May collect fares and issue tickets in small tram or in absence of Tram Conductor.,"",""
8156.0100-t01,815,Pounding Machine Operator (Foot-Wear),Pounding Machine Operator (Footwear) operates machine to pound (grind off) roughness from lasted shoe-uppers.,"",""
8156.0100-t02,815,Pounding Machine Operator (Foot-Wear),Starts machine.,"",""
8156.0100-t03,815,Pounding Machine Operator (Foot-Wear),"Holds and rotates shoe against emery wheel to flatten lower edge of lasted shoe-upper, smooth rough edges and even heads of nails.","",""
8156.0100-t04,815,Pounding Machine Operator (Foot-Wear),"Removes, cuts, off or dri ves in any protruding nails.","",""
8156.0100-t05,815,Pounding Machine Operator (Foot-Wear),Cleans and oils machine and requests any needed repairs.,"",""
8342.0101-t01,834,Bulldozer Operator,"Operates bulldozer (caterpillar tractor with concave steel scrapper blade mounted in front of chassis) to move, distribute and level earth.","",""
8342.0101-t02,834,Bulldozer Operator,"Starts motor and adjusts hand lever to regulate height of scrapper blade from ground; engages clutch and releases brake to drive machin e to push earth; operates levers to level and distribute it; lubricates, fuels and makes minor repairs to machine.","",""
8342.0101-t03,834,Bulldozer Operator,May push and pull other equipment with bulldozer.,"",""
8160.0300-t01,816,Pasteurising Plant Operator (Dairy),Pasteurising Plant Operator.,"",""
8160.0300-t02,816,Pasteurising Plant Operator (Dairy),Pasteuriser (Dairy) operates pasteurizing plant to remove harmful bacteria from raw milk and other dairy products.,"",""
8160.0300-t03,816,Pasteurising Plant Operator (Dairy),Pumps cold raw milk or other dairy products through a heating tank; maintains liquid at required temperature for a specified time and pumps it through cooling unit into bottling machine; checks thermometers and gauges and makes necessary adjustments to ensure that liquid is properly pasteurized; cleans and sterilizes tanks and inter-connecting pipes; disconnects filter and renew or c leans straining devices.,"",""
8160.0300-t04,816,Pasteurising Plant Operator (Dairy),May drain out pasteurized milk into container through tap fitted in plant.,"",""
9313.0100-t01,931,Well Digger Helper,Assists Well Digger in digging well by hauling and emptying excavated material and performing other miscellaneous tasks.,"",""
9313.0100-t02,931,Well Digger Helper,"Carries bricks, lays them in order and soaks them with water before use.","",""
9313.0100-t03,931,Well Digger Helper,Digs well by spade and bails out mud in b asket.,"",""
9313.0100-t04,931,Well Digger Helper,Lays tripod structure and prepares mortar as directed.,"",""
9313.0100-t05,931,Well Digger Helper,Assists in setting earthen or cement rings in creating pressure and lowering outer constructed wall into dug space of well.,"",""
9313.0100-t06,931,Well Digger Helper,"Keeps bullocks on move to pull mud, bucket out of well through string and attends to other tasks as directed.","",""
9211.0100-t01,921,Ploughman,ploughs fields to prepare soil for growing crops and feeds bullocks at scheduled hour.,"",""
9211.0100-t02,921,Ploughman,"Collects plough and bullocks in morning and checks fittings, boltings, condition of plough, etc.","",""
9211.0100-t03,921,Ploughman,Harnesses bullocks to plough and ploughs field using different types of plough according to necessity.,"",""
9211.0100-t04,921,Ploughman,"Collects, mixes and prepares feed for bullocks and feeds them at prescribed time.","",""
9211.0100-t05,921,Ploughman,May repair or change shear of plough as and when required.,"",""
9321.0101-t01,932,"Packer, Hand; Carton Filler; Boxer; Case Packer","packs material and products by hand in bags, barrels, baskets, boxes, cartons, and crates for purpose of storage or transport performing any combination of following duties.","",""
9321.0101-t02,932,"Packer, Hand; Carton Filler; Boxer; Case Packer","Examines product for brittleness, fragility, moisture and other characteristics.","",""
9321.0101-t03,932,"Packer, Hand; Carton Filler; Boxer; Case Packer",Collects packaging containers and cleans them.,"",""
9321.0101-t04,932,"Packer, Hand; Carton Filler; Boxer; Case Packer",Lines and pads crates.,"",""
9321.0101-t05,932,"Packer, Hand; Carton Filler; Boxer; Case Packer",Assembles cartons from flattened state.,"",""
9321.0101-t06,932,"Packer, Hand; Carton Filler; Boxer; Case Packer",Wraps protective material around product.,"",""
9321.0101-t07,932,"Packer, Hand; Carton Filler; Boxer; Case Packer",Weighs containers and adjusts quantity.,"",""
9321.0101-t08,932,"Packer, Hand; Carton Filler; Boxer; Case Packer",Places or pours product into containers or fills containers from spout or chute.,"",""
9321.0101-t09,932,"Packer, Hand; Carton Filler; Boxer; Case Packer","Inserts excelsior, shredded paper, wood wool or paper trays on top of product.","",""
9321.0101-t10,932,"Packer, Hand; Carton Filler; Boxer; Case Packer","Sews bag, fits lids on container, nails, wires or otherwise closes containers.","",""
9321.0101-t11,932,"Packer, Hand; Carton Filler; Boxer; Case Packer","Stamps grade, brand, and date of packing on containers.","",""
9321.0101-t12,932,"Packer, Hand; Carton Filler; Boxer; Case Packer","Visually inspects materials, products and containers at each step of packaging process.","",""
9321.0101-t13,932,"Packer, Hand; Carton Filler; Boxer; Case Packer","May be designated according to whether high production or small lot packaging as PACKAGING-LINE ATTENDANT, FANCY PACKER or according to goods packed, machines handled or industry in which employed such as PACKER BAGS.","",""
9321.0101-t14,932,"Packer, Hand; Carton Filler; Boxer; Case Packer","PACKER, BISCUITS.","",""
9321.0101-t15,932,"Packer, Hand; Carton Filler; Boxer; Case Packer","PACKER, CHEMICAL PRODUCTS.","",""
9321.0101-t16,932,"Packer, Hand; Carton Filler; Boxer; Case Packer","PACKER, MATCH BOXES.","",""
9321.0101-t17,932,"Packer, Hand; Carton Filler; Boxer; Case Packer",BOTTLING MACHINE OPERATOR.,"",""
9321.0101-t18,932,"Packer, Hand; Carton Filler; Boxer; Case Packer","SEALING MACHINE OPERATOR, BALE PRESSER.","",""
9111.0100-t01,911,Domestic Servant,Performs general house-hold duties and attends to personal comforts of master or employer.,"",""
9111.0100-t02,911,Domestic Servant,"Performs domestic work of routine nature such as sweeping and dusting of rooms and furniture, making beds, serving meals, purchasing vegetables, meat, fish etc. from market, storing water and doing odd jobs.","",""
9111.0100-t03,911,Domestic Servant,"Prepares tea, coffee and meals.","",""
9111.0100-t04,911,Domestic Servant,"Lays the table, cleans soiled and used plates and cooking utensils.","",""
9111.0100-t05,911,Domestic Servant,"May wash clothes and look after tamed animals such as cow, dog, etc.","",""
9111.0100-t06,911,Domestic Servant,May look after children.,"",""
9331.0100-t01,933,"Driver, Cycle Rickshaw","Drives cycle rickshaw on hire or as paid by employee to transport passengers from one place to another, observing road signals and traffic rules.","",""
9331.0100-t02,933,"Driver, Cycle Rickshaw",Drives passengers to destination and helps in loading and unloading luggage.,"",""
9331.0100-t03,933,"Driver, Cycle Rickshaw",Cleans and oils rickshaw and attends to minor repairs.,"",""
9331.0100-t04,933,"Driver, Cycle Rickshaw",Settles and collects fare if plying on hire.,"",""
9613.0300-t01,961,"Sweeper, Dry","Cleans, sweeps and scrubs buildings, streets, parks, etc. and removes garbage.","",""
9613.0300-t02,961,"Sweeper, Dry","Sweeps with broom or brush floors of buildings, roads, parks, e tc.","",""
9613.0300-t03,961,"Sweeper, Dry",Removes dust and garbage in basket to dustbin.,"",""
9613.0300-t04,961,"Sweeper, Dry","Scrubs floor with cloth, wet in phenyl and water to remove fine dust.","",""
9613.0300-t05,961,"Sweeper, Dry",May clean carpets and rugs with brush and dust furniture and fixtures.,"",""
9613.0300-t06,961,"Sweeper, Dry",May prepare the broom.,"",""
9613.0300-t07,961,"Sweeper, Dry",May dump garbage in cart and carry garbag e in hand cart or in animal driven cart to the dumping ground.,"",""
9520.0100-t01,952,Hawker; Peddler; Street Vendor; Pheriwala,"sells articles of daily utility and general merchandise such as vegetables, sweets, cloth, utensils, toys, etc. on footpaths or by going from door to door.","",""
9520.0100-t02,952,Hawker; Peddler; Street Vendor; Pheriwala,"Purchases goods from wholesale market according to his needs, and capital (money) availab le.","",""
9520.0100-t03,952,Hawker; Peddler; Street Vendor; Pheriwala,"Loads them in basket, or on pushcart, wheel-barrow or tricycle and moves in selected areas to effect sales.","",""
9520.0100-t04,952,Hawker; Peddler; Street Vendor; Pheriwala,Announces loudly regarding the goods or articles on sale and their prices to attract customers.,"",""
9520.0100-t05,952,Hawker; Peddler; Street Vendor; Pheriwala,"Attends to customers and effects sale by measuri ng, weighing or counting, as necessary.","",""
9520.0100-t06,952,Hawker; Peddler; Street Vendor; Pheriwala,May also display goods or articles of sale on foot-path and effect sales.,"",""
9520.0100-t07,952,Hawker; Peddler; Street Vendor; Pheriwala,"May purchase goods in lot, in auction or other sale.","",""
9520.0100-t08,952,Hawker; Peddler; Street Vendor; Pheriwala,May prepare and sell his own products and may operate means of conveyance.,"",""
9520.0100-t09,952,Hawker; Peddler; Street Vendor; Pheriwala,May work on sa lary or commission basis or both.,"",""
9121.0100-t01,912,Dhobi; Washer,manwashes and cleans garments and other articles of washable fabrics and presses them.,"",""
9121.0100-t02,912,Dhobi; Washer,"Collects soiled clothes and garments from clients, marks them with marking ink for identification.","",""
9121.0100-t03,912,Dhobi; Washer,Sorts soiled articles according to type and treatment to be given.,"",""
9121.0100-t04,912,Dhobi; Washer,"Fills tub with water and adds proper amount of soap, washing soda or other chemicals and dips coloured or delicate garments into soapy water or chemical solution and agitates it by hand.","",""
9121.0100-t05,912,Dhobi; Washer,"Spreads wet garments on flat surface, and scrubs with hand or brush and ri nses garment in clear water till dirty water stops coming out.","",""
9121.0100-t06,912,Dhobi; Washer,"Treats excessively soiled garments of coarse cloth separately by applying chemicals on them, by hand, boiling them in tub or in closed oven, beating them with hand on stone or club on stone or wood and washing them in clear water in tanks, rivers and lakes.","",""
9121.0100-t07,912,Dhobi; Washer,"Dries garments in open air by hanging them on rope, wire or spreading them on ground.","",""
9121.0100-t08,912,Dhobi; Washer,Irons dried garments using hand iron-press.,"",""
9121.0100-t09,912,Dhobi; Washer,May wash garments and other textile furnishings in machine.,"",""
9121.0100-t10,912,Dhobi; Washer,M ay treat white and delicate garments with chemicals (Blue and Starch) for shine and bleaching.,"",""
9621.0300-t01,962,Caddie,"carries bags of golf equipment around golf course, delivering clubs to players as requested.","",""
9621.0300-t02,962,Caddie,"Keeps different types of golf clubs in leather bag; places golf ball over the small mound (on which golf-ball is placed for first stroke by player) and advises players, on request, in selection of proper club for particular stroke and/or on peculiarities of cou rse; follows golf-ball after hit along with player and locates it, supplies required type of golf club for further stroke; collects golf clubs from player at close of play, cleans them and keeps kit in good condition.","",""
9621.0300-t03,962,Caddie,"May inform player about type, conditio n and location of hole; may assist golf-professional (marker) in up-keep of golf course.","",""
9412.0100-t01,941,Kitchen Helper,Performs any combination of following duties to maintain kitchen work areas and restaurant equipment and utensils in clean and orderly condition: Sweeps and mops floors.,"",""
9412.0100-t02,941,Kitchen Helper,"Washes worktables, walls, refrigerators, and meat blocks.","",""
9412.0100-t03,941,Kitchen Helper,Segregates and removes trash and garbage and places it in designated containers.,"",""
9412.0100-t04,941,Kitchen Helper,Steam-cleans or hoses-out garbage cans.,"",""
9412.0100-t05,941,Kitchen Helper,"Sorts bottles, and breaks disposable ones in bottle-crushing machine.","",""
9412.0100-t06,941,Kitchen Helper,"Washes pots, pans, and trays by hand.","",""
9412.0100-t07,941,Kitchen Helper,Scrapes food from dirty dishes and washes them by hand or places them in racks or on conveyor to dishwashing machine.,"",""
9412.0100-t08,941,Kitchen Helper,"Polishes silver, using burnishing-machine tumbler, chemical dip, buffing wheel, and hand cloth.","",""
9412.0100-t09,941,Kitchen Helper,Transfers supplies and equipment between storage and work areas by hand o r by use of hand pulled trolley.,"",""
9412.0100-t10,941,Kitchen Helper,Sets up banquet tables.,"",""
9412.0100-t11,941,Kitchen Helper,"Washes and peels vegetables, using knife or peeling machine.","",""
9412.0100-t12,941,Kitchen Helper,Loads or unloads trucks picking up or delivering supplies and food.,"",""
9510.0100-t01,951,Boot Polisher,Cleans and polishes shoes.,"",""
9510.0100-t02,951,Boot Polisher,"Brushes shoes to remove dust; applies cleaning agents like soap or other chemical solution for removing dirt and spots from soiled shoes using sponge or cloth; applies polish, colour or chalk-powder (dry or mixed with liquid) with finger, brush or soft cloth on leather, canvas or other shoes; rubs surface of leather-shoes with soft brush to make them shine; applies chalk or solution on canvas or other non-leather shoes and allows them to dry; finishes leather shoes by further rubbing them with soft cloth or flannel piece; finishes non-leather s hoes by retouching with appropriate cleaning matter and by removing superfluous coat and spots.","",""
